Entry;log2FC;adj_p_value
r_1;NaN;NaN
r_10;-0.633787280452825;0.588178151482227
r_100;-0.595780533360012;8.56264931134386e-06
r_1001;NaN;NaN
r_1002;-2.38856813748044;8.32413699606629e-141
r_1003;NaN;NaN
r_1004;-1.5551833114991;0.0458477987875661
r_1005;-0.667999149389324;0.353109031975766
r_1006;-1.5551833114991;0.0458477987875661
r_1007;-0.667999149389324;0.353109031975766
r_1008;NaN;NaN
r_1009;NaN;NaN
r_101;-0.463684890442207;0.327419560948683
r_1010;NaN;NaN
r_1011;-0.317164932671432;0
r_1012;-0.317164932671432;0
r_102;-0.411995428681999;0.00213437607476102
r_1021;1.25509061564774;0
r_1022;1.34921152273719;0
r_1023;-0.224892249133719;0.366782659687057
r_1024;NaN;NaN
r_1025;0.158221079241627;0.71895710413037
r_1026;-0.320499456130963;0
r_1027;-0.317241823309722;0
r_1028;NaN;NaN
r_1029;NaN;NaN
r_103;0.176797010009883;0.744620587241212
r_1030;1.32497347813149;0.00471836411457577
r_1031;NaN;0.599248301268989
r_1032;NaN;NaN
r_1033;NaN;NaN
r_1034;NaN;NaN
r_1035;NaN;NaN
r_1036;-0.901904571743491;0.0759676220755005
r_1038;-0.300291586731619;0
r_1039;NaN;NaN
r_104;-0.300792315140674;0
r_1040;0.220900036253123;0.609953021821666
r_1041;-0.32075670342352;0
r_1042;NaN;NaN
r_1043;NaN;NaN
r_1044;NaN;NaN
r_1045;-0.31716494515713;0
r_1047;NaN;NaN
r_1048;-0.307925692043053;0
r_1049;-0.317416381996077;0
r_105;0.172225301032136;0.258127649304453
r_1050;-0.317133543506429;0
r_1051;-0.30164005610475;3.71248640755181e-56
r_1053u;-0.376141582965536;0.0125487674814054
r_1054;0.0495273130842667;0
r_1055;0.593297744505548;0
r_1056;NaN;NaN
r_1057;NaN;NaN
r_1058;NaN;NaN
r_1059u;NaN;NaN
r_106;1.67158658665719;1.10144005021014e-87
r_1063;-4.35090221137521;0
r_1065;NaN;NaN
r_1066;NaN;NaN
r_1067;NaN;NaN
r_1068;NaN;NaN
r_1069;-0.317164945157129;0
r_107;0.513266923982175;3.63453360447805e-05
r_1070;NaN;NaN
r_1071;-0.410923891190152;0.462523129074362
r_1072;-0.36767096209742;1.76553995253722e-27
r_1073;NaN;NaN
r_1074;0.287364952452448;0.345266506619031
r_1075;-1.29228892597479;0.00554830117943593
r_1076;1.3588620360861;2.492265194289e-16
r_1077;-1.90791177571759;0.102438802448474
r_1078;-1.5896028039918;0.296958425295798
r_1079;-0.034686369198169;0.944852634996027
r_108;NaN;NaN
r_1080;0.712717330194934;0.476342744863288
r_1081;NaN;NaN
r_1082;NaN;NaN
r_1083;NaN;NaN
r_1084;-0.306570640441661;0
r_1085;-4.24397504123126;8.78203874812283e-174
r_1086;NaN;NaN
r_1087;NaN;NaN
r_1088;-0.317164945157138;0
r_1089;NaN;NaN
r_109;-0.283244863400199;0
r_1090;NaN;NaN
r_1091;-0.237446348706176;0.667354063201943
r_1092;NaN;NaN
r_1093;NaN;NaN
r_1094;NaN;NaN
r_1095;NaN;0.976245996592643
r_1096;3.11425794116707;2.88940191170073e-07
r_1097;NaN;NaN
r_1099;-0.301874216256887;0
r_11;-3.31667642707398;0.00631560826805384
r_1100;NaN;NaN
r_1101;NaN;NaN
r_1102;NaN;NaN
r_1103;NaN;NaN
r_1104;NaN;NaN
r_1106;NaN;NaN
r_1108;NaN;NaN
r_1109;NaN;NaN
r_111;0.605319132925219;0.588178151482227
r_1110;0.607910659971409;0
r_1111;NaN;NaN
r_1112;0.273203635232877;0
r_1113;NaN;NaN
r_1114;NaN;NaN
r_1115;-0.311402346979993;0
r_1116;0.800281213586302;0.00423812290906338
r_1117;-6.08866298585072;0
r_1118;4.68459693798375;0
r_1119;NaN;NaN
r_112;-0.372218036981578;2.12006904970255e-16
r_1120;1.18838623725422;0.413428640071257
r_1121;NaN;NaN
r_1122;NaN;NaN
r_1123;NaN;NaN
r_1124;NaN;NaN
r_1125;NaN;NaN
r_1126;0.059124271819414;5.53005189351516e-56
r_1127;NaN;NaN
r_1128;-0.13555119171591;1.86818065273702e-09
r_1129;-0.306865825755828;0
r_113;NaN;NaN
r_1130;-0.385401139859844;3.1018671850771e-23
r_1131;1.48553005013049;0.176060331442273
r_1132;NaN;NaN
r_1133;NaN;NaN
r_1134;NaN;NaN
r_1135;NaN;NaN
r_1136;NaN;NaN
r_1137;6.38455866518471;0
r_1138;6.38455866518471;0
r_1139;NaN;NaN
r_114;NaN;NaN
r_1146;NaN;NaN
r_1147;NaN;NaN
r_1149;NaN;NaN
r_115;-0.314154407898106;0
r_1151;NaN;NaN
r_116;NaN;NaN
r_1161;NaN;NaN
r_1164;NaN;NaN
r_1165;NaN;NaN
r_1166;NaN;NaN
r_1167;NaN;NaN
r_1168;NaN;NaN
r_1169;NaN;NaN
r_117;NaN;NaN
r_1170;NaN;NaN
r_1171;0.0010422107241868;0.419786212495392
r_1172;1.66175793361834;0.419786212495392
r_1173;0.608051083008498;0.444493342942697
r_1174;NaN;NaN
r_1175;-0.420864298302898;0.67079271599202
r_1176;NaN;NaN
r_1177;NaN;NaN
r_1179;NaN;NaN
r_118;-0.314154407898106;0
r_1180;NaN;NaN
r_1182;NaN;NaN
r_1183;-0.170074749253708;0.630897445198893
r_1184;NaN;NaN
r_1186;0.471448984879036;0.594261534867559
r_1187;NaN;NaN
r_1188;NaN;NaN
r_1189;NaN;NaN
r_1190;0.0970565390074175;0.769575779969622
r_1191;NaN;NaN
r_1192;NaN;NaN
r_1194;-5.16504001058436;0
r_1195;NaN;NaN
r_1196;-2.38019229562759;0.0548824987309555
r_1197;NaN;NaN
r_1198;NaN;NaN
r_1199;NaN;NaN
r_12;-0.965257710341905;0.0991655040125189
r_120;0.513266923982175;3.63453360447805e-05
r_1201;NaN;NaN
r_1203;NaN;NaN
r_1204;NaN;NaN
r_1205;NaN;NaN
r_1206;NaN;NaN
r_1207;NaN;NaN
r_1209;NaN;NaN
r_121;0.151753404896566;0.364197151195585
r_1210;NaN;NaN
r_1211;NaN;NaN
r_1213;5.01625912859979;1.9770332742884e-234
r_1214;NaN;NaN
r_1215;NaN;NaN
r_1216;NaN;NaN
r_1217;0.229959968570688;0.530427730516561
r_1218;-1.16668563065173;0.016608076739237
r_1219;NaN;NaN
r_122;-0.463684890442207;0.327419560948683
r_1221;NaN;NaN
r_1222;NaN;NaN
r_1223;NaN;NaN
r_1224;NaN;NaN
r_1225;NaN;NaN
r_1226;-1.32948504847709;0.00162862861849472
r_1229;NaN;NaN
r_123;-0.411995428681999;0.00213437607476102
r_1230;NaN;NaN
r_1231;NaN;NaN
r_1232;NaN;NaN
r_1235;NaN;NaN
r_1236;0.575289082533581;0.000358960697083782
r_1237;-0.314154407898106;0
r_1238;NaN;NaN
r_1239;0.28629603274951;0.839901033237118
r_124;-0.595780533360012;8.56264931134386e-06
r_1241;NaN;NaN
r_1242;NaN;NaN
r_1244;-0.317202075561812;0
r_1245;0.654903418561998;0
r_1246u;0.313994988712858;0.607421110765154
r_1247u;-0.746588244569446;0.214318789434018
r_1249;NaN;NaN
r_125;0.172225301032136;0.258127649304453
r_1251;NaN;NaN
r_1252;NaN;NaN
r_1254;NaN;NaN
r_1255;NaN;NaN
r_1256;NaN;NaN
r_1257;NaN;NaN
r_1258;NaN;NaN
r_126;-1.29775186774336;0.139412862006278
r_1260;NaN;NaN
r_1261;NaN;NaN
r_1262;NaN;NaN
r_1263;NaN;NaN
r_1264;0.232660508285419;0.743549096305554
r_1265;-0.180040130748406;3.80630013606804e-18
r_1266;-0.317219226013271;0
r_1267;NaN;NaN
r_1268;NaN;NaN
r_1269;NaN;NaN
r_127;-0.908723123604809;0.0304840803779771
r_1270;NaN;NaN
r_1272;NaN;NaN
r_1273;0.391741494673713;0.0691339937275661
r_1274;NaN;NaN
r_1275;NaN;NaN
r_1276;NaN;NaN
r_1277;0.60092324187028;0
r_128;-2.25039829718084;0.0170666454031577
r_129;-0.406562948161405;0.640327180172199
r_13;-2.38856813748044;8.32413699606629e-141
r_130;-1.67001754117702;0.0116308224712172
r_131;-1.78159454845945;0.0429785306383582
r_132;-0.455264490763753;0.0323793873988831
r_133;-0.627220624569139;0.444493342942697
r_134;-1.1418817635752;2.22274197449444e-06
r_135;-1.33004760140203;0.020473323009351
r_137;NaN;NaN
r_139;-0.608314526843035;0.206104318283488
r_14;NaN;NaN
r_142;-0.279818842396651;8.27536881881494e-06
r_143;-0.981811833247508;0.377579665917463
r_144;-0.317330815213301;0
r_145;-2.38856813748044;8.32413699606629e-141
r_146;NaN;0.234752386424982
r_147;-0.725748969895137;0.38326784355844
r_148;-0.254136797536119;8.90103666217516e-101
r_149;-0.420864298302898;0.67079271599202
r_15;NaN;NaN
r_150;-0.420864298302898;0.67079271599202
r_151;-0.301609023566976;0
r_152;-0.319388194342088;2.08530745238378e-148
r_153;-0.319388194342088;2.08530745238378e-148
r_154;-0.302378569788036;3.95333699855205e-05
r_1542;NaN;NaN
r_1543;-0.317164945157127;0
r_1545;NaN;NaN
r_1546;NaN;NaN
r_1547;3.11425794116707;2.88940191170073e-07
r_1548;NaN;NaN
r_1549;NaN;NaN
r_1551;NaN;NaN
r_1552;NaN;NaN
r_1553;NaN;NaN
r_1554;NaN;NaN
r_156;-0.126181180103917;9.20270419609908e-37
r_1560;-1.15872155836153;0.0705333658056109
r_1562;NaN;NaN
r_1563;NaN;NaN
r_1564;NaN;NaN
r_1565;NaN;NaN
r_1566;NaN;NaN
r_1567;NaN;NaN
r_1568;-0.337925906844646;2.7894189461e-11
r_157;NaN;NaN
r_1572;0.235685083706561;0.30787325312509
r_1573;0.235685083706561;0.30787325312509
r_1574;-0.311962722152443;0
r_1585;-0.317764595446582;0
r_1586;NaN;NaN
r_1587;NaN;NaN
r_1588;NaN;NaN
r_1595;-0.321310147952594;0
r_1596;NaN;NaN
r_16;-0.317164945157152;0
r_1601;NaN;NaN
r_1603;NaN;NaN
r_1604;NaN;NaN
r_1605;NaN;NaN
r_1606;NaN;NaN
r_1607;NaN;NaN
r_1608;NaN;NaN
r_1609;NaN;NaN
r_1610;NaN;NaN
r_1611;NaN;NaN
r_1613;-0.110692626630825;0.846532932248073
r_1614;0.315084439494929;0.413428640071257
r_1615;-1.04615389556659;0.104065932966136
r_1616;-0.207140700855833;0.486428943493737
r_1617;4.25557485451565;0.00336439236222412
r_1618;-0.461452686656754;0.505969019062944
r_1619;0.167398695398192;0.799463711674962
r_1620;0.567735220751849;0.0201579413805431
r_1621;NaN;NaN
r_1622;NaN;NaN
r_1623;1.32497347813149;0.00471836411457577
r_1624;NaN;NaN
r_1625;NaN;NaN
r_1627;NaN;NaN
r_1628;NaN;NaN
r_1629;NaN;NaN
r_163;-1.20379588359451;0.0196411749203083
r_1630;NaN;NaN
r_1631;NaN;NaN
r_1632;0.354724252428236;0.275492325245825
r_1633;NaN;NaN
r_1634;NaN;NaN
r_1635;NaN;NaN
r_1637;NaN;NaN
r_1638;-4.30286203715261;1.94685197341229e-105
r_1639;NaN;NaN
r_164;NaN;NaN
r_1640;NaN;NaN
r_1641;NaN;NaN
r_1642;NaN;NaN
r_1643;NaN;NaN
r_1644;1.06464282889931;0.375713685902672
r_1645;-1.10551093405579;0.0299517589716703
r_1647;-0.28969045426285;0.736753183174642
r_1648;NaN;NaN
r_1649;NaN;NaN
r_165;0.364213948273865;0.282059068896986
r_1650;NaN;NaN
r_1651;NaN;NaN
r_1652;NaN;NaN
r_1654;-0.311402346979993;0
r_1656;NaN;NaN
r_1657;NaN;NaN
r_1658;NaN;NaN
r_1659;-0.28969045426285;0.736753183174642
r_1660;1.06464282889931;0.375713685902672
r_1661;-1.10551093405579;0.0299517589716703
r_1663;NaN;NaN
r_1664;-2.24388537620436;3.96558313847601e-05
r_1665;0.50673805589026;0.0486163273902401
r_1667;-0.712961400360847;0
r_1668;NaN;NaN
r_1669;0.50673805589026;0.0486163273902401
r_1671;NaN;NaN
r_1672;0.871516270513536;0
r_1673;-4.30286203715261;1.94685197341229e-105
r_1674;7.76390415767197;7.22797074806355e-215
r_1675;NaN;NaN
r_1676;NaN;NaN
r_1677;NaN;NaN
r_1678;NaN;NaN
r_1679;NaN;NaN
r_1680;NaN;NaN
r_1681;NaN;NaN
r_1682;NaN;NaN
r_1683;NaN;NaN
r_1684;1.10777921299706;0.00159939316081862
r_1685;NaN;NaN
r_1686;-1.40864468785776;0
r_1687;-1.40864468785776;0
r_1688;NaN;NaN
r_1689;0.0111187068833681;0.991907681659392
r_1690;-0.379704609609287;0.352439571005429
r_1691;NaN;NaN
r_1694;0.50673805589026;0.0486163273902401
r_1695;NaN;NaN
r_1696;0.793928685727151;0
r_1697;0.871516270513536;0
r_1698;-0.546844375742757;0.0711244182909092
r_1699;NaN;NaN
r_17;NaN;NaN
r_1700;0.6608886846253;8.03233214869929e-22
r_1701;NaN;NaN
r_1702;NaN;NaN
r_1703;-0.376638203280175;0.0362279656042525
r_1704;0.646570032149584;0.226731724960769
r_1705;NaN;NaN
r_1706;NaN;NaN
r_1707;NaN;NaN
r_1708;NaN;NaN
r_1709;NaN;NaN
r_1710;NaN;NaN
r_1711;NaN;NaN
r_1712;NaN;NaN
r_1713;NaN;NaN
r_1714;NaN;NaN
r_1715;NaN;NaN
r_1716;NaN;NaN
r_1717;NaN;NaN
r_1718;NaN;NaN
r_1719;NaN;NaN
r_172;-2.38856813748044;8.32413699606629e-141
r_1720;NaN;NaN
r_1721;NaN;NaN
r_1722;-0.225060020434777;0.736753183174642
r_1723;NaN;NaN
r_1724;-0.461559634393623;0.37262411909619
r_1725;NaN;NaN
r_1726;NaN;NaN
r_1727;NaN;NaN
r_1728;NaN;NaN
r_1729;-0.307274842820803;0
r_173;NaN;NaN
r_1730;NaN;NaN
r_1731;NaN;NaN
r_1732;NaN;NaN
r_1733;NaN;NaN
r_1734;-0.455139823178233;0.462523129074362
r_1735;NaN;NaN
r_1736;-0.337925906844681;2.7894189461e-11
r_1737;NaN;NaN
r_1738;NaN;NaN
r_1739;NaN;NaN
r_174;0.121063252141878;0.744840021618737
r_1743;NaN;NaN
r_1744;NaN;NaN
r_1745;NaN;NaN
r_1746;0.00108261629153523;0.00037419730603677
r_1747;0.800281213586302;0.00423812290906338
r_1748;-0.317164945157129;0
r_1749;NaN;NaN
r_175;NaN;NaN
r_1750;NaN;NaN
r_1751;0.712717330194934;0.476342744863288
r_1752;0.712717330194934;0.476342744863288
r_1753;NaN;NaN
r_1754;-0.317164932671432;0
r_1757;NaN;NaN
r_1758;-0.317164932671432;0
r_1759;-0.544091749288982;0.00608718420165514
r_1760;NaN;NaN
r_1761;NaN;NaN
r_1762;NaN;NaN
r_1763;0.364213948273865;0.282059068896986
r_1764;NaN;NaN
r_1766;NaN;NaN
r_1770;NaN;NaN
r_1771;0.961360830559884;0.0123990710384439
r_1772;-0.921855214226272;0.000433481809062899
r_1774;-0.609716846232318;4.37930752552454e-06
r_1775;-2.38950716012359;0.079672617215482
r_1776;NaN;NaN
r_1777;NaN;NaN
r_1788;NaN;NaN
r_1790;NaN;NaN
r_1791;NaN;NaN
r_1792;NaN;NaN
r_1793;NaN;NaN
r_1794;NaN;NaN
r_1795;NaN;NaN
r_1796;NaN;NaN
r_1797;NaN;NaN
r_1798;NaN;NaN
r_18;-0.301874216256887;0
r_1800;NaN;NaN
r_1801;NaN;NaN
r_1802;NaN;NaN
r_1803;NaN;NaN
r_1805;NaN;NaN
r_1806;NaN;NaN
r_1807;NaN;NaN
r_1808;0;NaN
r_1809;0.00107306106242378;0.000424954357622703
r_1810;0.608051083008498;0.444493342942697
r_1811;-0.322321257687838;0.4607513862246
r_1812;NaN;NaN
r_1813;NaN;NaN
r_1814;NaN;NaN
r_1815;NaN;NaN
r_1816;NaN;NaN
r_1817;-0.289690454262849;0.736753183174642
r_1818;NaN;NaN
r_1819;NaN;NaN
r_1820;NaN;NaN
r_1821;0.221218513654744;0.776661574583212
r_1822;NaN;NaN
r_1823;NaN;NaN
r_1824;2.69734237224706;0
r_1825;-0.338741806013545;1.72841237671629e-42
r_1826;-4.24397504123126;8.78203874812283e-174
r_1827;-0.380352169319402;0.00415300594722544
r_1829;0.50802301684713;0.0485282342184758
r_1830;-0.115864170790092;0.410050801624694
r_1831;NaN;NaN
r_1832;1.37870340096548;0
r_1833;-0.403377090334483;0.380944150924761
r_1834;NaN;NaN
r_1835;-1.33706706466371;5.61461776012861e-19
r_1836;NaN;NaN
r_1837;NaN;NaN
r_1838;-0.301766114870297;0
r_1839;NaN;NaN
r_1840;-0.306865825755821;0
r_1841;NaN;NaN
r_1842;NaN;NaN
r_1846;NaN;NaN
r_1847;NaN;NaN
r_1848;NaN;NaN
r_1849;-1.15872155836153;0.0705333658056109
r_1850;-0.599827200614757;0.529818878551278
r_1851;NaN;NaN
r_1852;NaN;NaN
r_1853;NaN;NaN
r_1854;NaN;NaN
r_1855;NaN;NaN
r_1856;NaN;NaN
r_1857;NaN;NaN
r_1858;NaN;NaN
r_1859;NaN;NaN
r_1860;NaN;NaN
r_1861;NaN;NaN
r_1862;NaN;NaN
r_1863;NaN;NaN
r_1864;NaN;NaN
r_1865;NaN;NaN
r_1871;NaN;NaN
r_1872;NaN;NaN
r_1873;-0.170074749253708;0.630897445198893
r_1874;0.222225800046554;0.743091158478
r_1875;NaN;NaN
r_1876;NaN;NaN
r_1877;NaN;NaN
r_1878;NaN;NaN
r_1879;NaN;NaN
r_188;NaN;NaN
r_1880;0.471448984879036;0.594261534867559
r_1881;0.0970565390074175;0.769575779969622
r_1882;-1.28730695010615;0.000439126682480597
r_1883;NaN;NaN
r_1884;NaN;NaN
r_1885;NaN;NaN
r_1886;NaN;NaN
r_1887;-0.328582408267371;5.453614510365e-258
r_1889;-2.38019229562759;0.0548824987309555
r_189;1.35886203608611;2.492265194289e-16
r_1890;NaN;NaN
r_1891;NaN;NaN
r_1892;NaN;NaN
r_1893;NaN;NaN
r_1895;NaN;NaN
r_1896;NaN;NaN
r_1897;NaN;NaN
r_1898;-0.317164945157152;0
r_1899;NaN;NaN
r_19;-0.337925906844646;2.7894189461e-11
r_190;1.3588620360861;2.492265194289e-16
r_1900;5.01625912859979;1.9770332742884e-234
r_1901;NaN;NaN
r_1902;NaN;NaN
r_1903;NaN;NaN
r_1904;NaN;NaN
r_1905;-0.965257710341905;0.0991655040125189
r_1906;0.229959968570688;0.530427730516561
r_1907;NaN;NaN
r_1908;NaN;NaN
r_1909;NaN;NaN
r_191;-1.29228892597479;0.00554830117943593
r_1910;NaN;NaN
r_1911;-1.16668563065173;0.016608076739237
r_1912;NaN;NaN
r_1913;NaN;NaN
r_1914;NaN;NaN
r_1915;NaN;NaN
r_1916;NaN;NaN
r_1919;NaN;NaN
r_192;NaN;NaN
r_1920;NaN;NaN
r_1921;NaN;NaN
r_1922;NaN;NaN
r_1923;NaN;NaN
r_1924;NaN;NaN
r_1925;NaN;NaN
r_1926;NaN;NaN
r_1927;NaN;NaN
r_1928;NaN;NaN
r_1929;NaN;NaN
r_1930;1.32751372120095;3.12362807635372e-65
r_1931;NaN;NaN
r_1932;-0.317164945157129;0
r_1935;NaN;NaN
r_1937;NaN;NaN
r_1938;NaN;NaN
r_1939;NaN;NaN
r_194;0.015266267572319;0.979186820667116
r_1940;NaN;NaN
r_1941;NaN;NaN
r_1942;NaN;NaN
r_1943;NaN;NaN
r_1944;NaN;NaN
r_1945;NaN;NaN
r_1946;NaN;NaN
r_1947;NaN;NaN
r_195;-0.30164005610475;3.71248640755181e-56
r_1963;-0.317164932671432;0
r_1964;-0.317164932671432;0
r_1965;-0.157528541329572;0.754585066352176
r_1966;NaN;NaN
r_1967;NaN;NaN
r_1968;NaN;NaN
r_1970;NaN;NaN
r_1971;NaN;NaN
r_1972;NaN;NaN
r_1974;-0.846424126572748;0.00445550262407628
r_1975;0.288374556454141;0.738907757676472
r_1976;-1.28730695010615;0.000439126682480597
r_1977;-0.317164932671432;0
r_1978;0.497333808787627;0
r_1979;0.491581429484775;0
r_1980;1.27610176483521;5.89206051400122e-63
r_1981;-2.67022763732892;1.98225585419806e-07
r_1984;NaN;NaN
r_1987;NaN;NaN
r_1988;NaN;NaN
r_1989;NaN;NaN
r_199;NaN;NaN
r_1990;NaN;NaN
r_1991;0.286056156124271;0.754585066352176
r_1992;0.491581429484775;0
r_1993;-1.33706706466371;5.61461776012861e-19
r_1994;NaN;NaN
r_1995;NaN;NaN
r_1996;NaN;NaN
r_1997;NaN;NaN
r_1998;NaN;NaN
r_1999;NaN;NaN
r_2;NaN;NaN
r_20;NaN;NaN
r_200;NaN;NaN
r_2004;NaN;NaN
r_2005;-0.317202075561812;0
r_2008;NaN;NaN
r_201;NaN;NaN
r_202;0.593297744505548;0
r_2020;NaN;NaN
r_2022;NaN;NaN
r_2023;NaN;NaN
r_2024;NaN;NaN
r_2025;NaN;NaN
r_2026;0.666750935259194;0.384342502223031
r_2027;0.666750935259194;0.384342502223031
r_2028;NaN;NaN
r_2029;NaN;NaN
r_203;-0.317164945157136;0
r_2030;NaN;NaN
r_2031;0.801592326356478;3.48977661715901e-07
r_2032;-0.295180189326221;0
r_2033;NaN;NaN
r_2034;-5.14985475815896;0
r_2036;NaN;NaN
r_2037;0.286056156124271;0.754585066352176
r_2038;NaN;NaN
r_2039;NaN;NaN
r_204;-1.71420223337553;0.114523052239387
r_2040;NaN;NaN
r_2041;NaN;NaN
r_2042;NaN;NaN
r_2043;NaN;NaN
r_2044;NaN;NaN
r_2045;-0.338843145601938;1.11140110031517e-11
r_2046;NaN;NaN
r_2049;NaN;NaN
r_205;NaN;NaN
r_2050;NaN;NaN
r_2051;NaN;NaN
r_2052;NaN;NaN
r_2053;-0.317164932671432;0
r_2054;-0.317164932671432;0
r_2055;-2.67022763732892;1.98225585419806e-07
r_2056;0.00273468848709076;0.995434951736808
r_2057;0.00273468848709076;0.995434951736808
r_2058;NaN;NaN
r_206;-0.520535649249637;0.0474381332615263
r_2060;-0.317219226013271;0
r_2061;NaN;NaN
r_2062;NaN;NaN
r_2063;-0.676328411720293;0.114888374848002
r_2064;-0.901904571743491;0.0759676220755005
r_2065;-0.901904571743491;0.0759676220755005
r_2066;NaN;NaN
r_2067;NaN;NaN
r_2068;NaN;NaN
r_2069;NaN;NaN
r_207;-0.327173353683578;3.91143330682707e-165
r_2070;NaN;NaN
r_2071;NaN;NaN
r_2072;-0.0852163013053584;0.908039362038991
r_2073;NaN;NaN
r_2074;4.25557485451565;0.00336439236222412
r_2075;NaN;NaN
r_2079;NaN;NaN
r_208;-0.327173353683578;3.91143330682707e-165
r_2080;NaN;NaN
r_2082;NaN;NaN
r_2086;NaN;NaN
r_2087;NaN;NaN
r_2089;NaN;NaN
r_209;NaN;NaN
r_2090;NaN;NaN
r_2091;0.391741494673713;0.0691339937275661
r_2092;NaN;NaN
r_2093;-0.317164945157138;0
r_2094;-0.307224811559257;0
r_2095;NaN;NaN
r_2096;0.516857642873913;0
r_2097;0.50673805589026;0.0486163273902401
r_2098;0.667477785159761;2.38261415058343e-13
r_2099;NaN;NaN
r_21;NaN;NaN
r_210;NaN;NaN
r_2100;0.60092324187028;0
r_2101;NaN;NaN
r_2102;NaN;NaN
r_2103;NaN;NaN
r_2104;NaN;NaN
r_2105;NaN;NaN
r_2106;NaN;NaN
r_2107;-1.51083789047286;0.010280889587919
r_211;0.378735032916095;0.744185385211397
r_2111;-0.317164945157118;0
r_2112;NaN;NaN
r_2113;NaN;NaN
r_2114;NaN;NaN
r_2115;-1.45866603650188;0.0116308224712172
r_2116;NaN;NaN
r_2117;5.82934643686159;0
r_2118;NaN;NaN
r_2119;-6.69449655008912;0
r_212;NaN;NaN
r_2125;-0.343638006542001;2.44800100397614e-12
r_2126;-0.304667085173018;0
r_2129;-0.146146030311264;0.886588842957499
r_213;NaN;NaN
r_2131;-0.312498259432535;0
r_2132;0.793066878812187;0.000797542363476281
r_2134;NaN;NaN
r_2136;NaN;NaN
r_2137;NaN;NaN
r_2139;NaN;NaN
r_214;-0.317164945157139;0
r_2140;0.816279816214472;0
r_2141;-0.528581018451939;0
r_2142;NaN;NaN
r_2143;NaN;NaN
r_2144;NaN;NaN
r_2145;NaN;NaN
r_2146;NaN;NaN
r_2147;NaN;NaN
r_2148;NaN;NaN
r_2149;NaN;NaN
r_215;-0.318335503947362;0
r_2150;NaN;NaN
r_2151;NaN;NaN
r_2152;NaN;NaN
r_2153;NaN;NaN
r_2154;0.313362187874705;0.339750074303267
r_2155;-2.1452322412743;2.45829818331381e-16
r_2156;1.1897914918769;0.000481357560491396
r_2157;-0.602140325941251;0.00140323567232214
r_2158;-0.597985543496554;0.00421479998207377
r_2159;-0.642648535560275;0.0116308224712172
r_216;0.384367686187468;0
r_2160;-0.463684890442208;0.327419560948683
r_2161;0.313362187874705;0.339750074303267
r_2162;-2.1452322412743;2.45829818331381e-16
r_2163;1.1897914918769;0.000481357560491396
r_2164;-0.602140325941251;0.00140323567232214
r_2165;-0.597985543496554;0.00421479998207377
r_2166;-0.642648535560275;0.0116308224712172
r_2167;-0.463684890442208;0.327419560948683
r_2168;0.313362187874705;0.339750074303267
r_2169;-2.1452322412743;2.45829818331381e-16
r_217;0.332951053116929;0
r_2170;1.1897914918769;0.000481357560491396
r_2171;-0.602140325941251;0.00140323567232214
r_2172;-0.597985543496554;0.00421479998207377
r_2173;-0.642648535560275;0.0116308224712172
r_2174;-0.463684890442208;0.327419560948683
r_2175;0.313362187874706;0.339750074303267
r_2176;-2.1452322412743;2.45829818331381e-16
r_2177;1.1897914918769;0.000481357560491396
r_2178;-0.602140325941251;0.00140323567232214
r_2179;-0.597985543496554;0.00421479998207377
r_218;-0.289690454262801;0.736753183174642
r_2180;-0.642648535560275;0.0116308224712172
r_2181;-0.463684890442208;0.327419560948683
r_2182;1.89543581287693;5.93967729431019e-249
r_2183;-0.498468753454294;0
r_2184;NaN;NaN
r_2185;NaN;NaN
r_2186;NaN;NaN
r_2187;NaN;NaN
r_2188;NaN;NaN
r_2189;NaN;NaN
r_219;-0.318335503947362;0
r_2190;NaN;NaN
r_2191;NaN;NaN
r_2192;NaN;NaN
r_2193;NaN;NaN
r_2194;1.08409656551233;0.0478357250417683
r_2195;-1.96666901267119;3.15566413489201e-11
r_2196;0.238491228675679;0.265048212168714
r_2197;-0.432909757041426;0.0567386142536377
r_2198;2.3124576064815;2.16932787196779e-11
r_2199;-0.792839273448689;0.000333849353367462
r_22;NaN;NaN
r_220;NaN;NaN
r_2200;0.864079402611429;0.126303273675974
r_2201;2.6635695597301;0.00186359888397946
r_2202;0.454029599858046;0.0240676518027472
r_2203;0.274405354563856;0.200856663469483
r_2204;-0.736313448066894;2.8337300381107e-08
r_2205;-0.0607085327664381;0.799463711674962
r_2206;1.0683464090742;0.101559620788003
r_2207;0.244879536394422;0.789672740583079
r_2208;0.597975331313088;0.655275760577017
r_2209;NaN;NaN
r_221;NaN;NaN
r_2210;NaN;NaN
r_2211;NaN;NaN
r_2212;NaN;NaN
r_2213;NaN;NaN
r_2214;-0.198528005373193;0.723633579482501
r_2215;1.4335596515859;0.0424567224692744
r_2216;NaN;NaN
r_2217;-1.96908718932921;0.0257684160047739
r_2218;-1.71263496318878;0.0061429522287661
r_2219;1.4797930236646;0.0223073923966438
r_222;-1.71420223337553;0.114523052239387
r_2220;0.869534912192311;0.0181911232141181
r_2221;-0.421814162995729;0.0105218069586003
r_2222;2.44167457793534;5.28728404400415e-72
r_2223;-0.0115000201670194;0.946714040563745
r_2224;1.03871855524166;8.45547280197636e-05
r_2225;-0.605580999159659;0.0528116225050694
r_2226;-0.544908163531621;0.137529320538994
r_2227;-0.709469497618824;0.0237475071109294
r_2228;-0.463684890442207;0.327419560948683
r_2229;NaN;NaN
r_223;NaN;NaN
r_2230;NaN;NaN
r_2231;0.452283235410575;0.595747794913759
r_2232;0.0679528933420604;0.928232498099899
r_2233;NaN;NaN
r_2234;0.00922762593523468;0.991907681659392
r_2235;0.494643861099066;0.465600812600735
r_2236;1.67158658665719;1.10144005021014e-87
r_2237;1.67158658665719;1.10144005021014e-87
r_2238;1.67158658665719;1.10144005021014e-87
r_2239;-0.602140325941251;0.00140323567232214
r_224;NaN;NaN
r_2240;-0.597985543496554;0.00421479998207377
r_2241;-0.642648535560275;0.0116308224712172
r_2242;2.92919327300797;6.78127535781701e-100
r_2243;2.92919327300797;6.78127535781701e-100
r_2244;2.92919327300797;6.78127535781701e-100
r_2245;1.22255778529925;1.20225113445133e-07
r_2246;1.22255778529925;1.20225113445133e-07
r_2247;1.22255778529925;1.20225113445133e-07
r_2248;1.67158658665719;1.10144005021014e-87
r_2249;0.513266923982175;3.63453360447805e-05
r_225;-0.317164945157105;0
r_2250;0.172225301032136;0.258127649304453
r_2251;-0.411995428681999;0.00213437607476102
r_2252;-0.595780533360012;8.56264931134386e-06
r_2253;-0.463684890442207;0.327419560948683
r_2254;1.67158658665719;1.10144005021014e-87
r_2255;1.67158658665719;1.10144005021014e-87
r_2256;1.67158658665719;1.10144005021014e-87
r_2257;-0.602140325941251;0.00140323567232214
r_2258;-0.597985543496554;0.00421479998207377
r_2259;-0.642648535560275;0.0116308224712172
r_226;0.559279754848231;0
r_2260;2.92919327300797;6.78127535781701e-100
r_2261;2.92919327300797;6.78127535781701e-100
r_2262;2.92919327300797;6.78127535781701e-100
r_2263;1.22255778529925;1.20225113445133e-07
r_2264;1.22255778529925;1.20225113445133e-07
r_2265;1.22255778529925;1.20225113445133e-07
r_2266;1.67158658665719;1.10144005021014e-87
r_2267;0.513266923982175;3.63453360447805e-05
r_2268;-0.411995428681999;0.00213437607476102
r_2269;-0.595780533360012;8.56264931134386e-06
r_227;0.17767122930913;0.883873932671278
r_2270;-0.463684890442207;0.327419560948683
r_2271;1.67158658665719;1.10144005021014e-87
r_2272;1.67158658665719;1.10144005021014e-87
r_2273;1.67158658665719;1.10144005021014e-87
r_2274;-0.602140325941251;0.00140323567232214
r_2275;-0.597985543496554;0.00421479998207377
r_2276;-0.642648535560275;0.0116308224712172
r_2277;2.92919327300797;6.78127535781701e-100
r_2278;2.92919327300797;6.78127535781701e-100
r_2279;2.92919327300797;6.78127535781701e-100
r_228;NaN;NaN
r_2280;1.22255778529925;1.20225113445133e-07
r_2281;1.22255778529925;1.20225113445133e-07
r_2282;1.22255778529925;1.20225113445133e-07
r_2283;1.67158658665719;1.10144005021014e-87
r_2284;1.67158658665719;1.10144005021014e-87
r_2285;1.67158658665719;1.10144005021014e-87
r_2286;-0.602140325941251;0.00140323567232214
r_2287;-0.597985543496554;0.00421479998207377
r_2288;-0.642648535560275;0.0116308224712172
r_2289;2.92919327300797;6.78127535781701e-100
r_229;NaN;NaN
r_2290;2.92919327300797;6.78127535781701e-100
r_2291;2.92919327300797;6.78127535781701e-100
r_2292;1.22255778529925;1.20225113445133e-07
r_2293;1.22255778529925;1.20225113445133e-07
r_2294;1.22255778529925;1.20225113445133e-07
r_2295;2.92919327300797;6.78127535781701e-100
r_2296;NaN;NaN
r_2297;NaN;NaN
r_2298;1.22255778529925;1.20225113445133e-07
r_2299;NaN;NaN
r_23;-0.321310147952594;0
r_230;NaN;NaN
r_2300;NaN;NaN
r_2301;NaN;NaN
r_2302;NaN;NaN
r_2303;NaN;NaN
r_2304;NaN;NaN
r_2305;NaN;NaN
r_231;-0.317164932671432;0
r_233;-0.317164932671432;0
r_234;-0.317164932671432;0
r_235;-0.317164932671432;0
r_236;-0.317164932671432;0
r_237;-0.317164932671432;0
r_238;-0.317164932671432;0
r_239;-0.317164932671432;0
r_24;NaN;NaN
r_240;-0.317164932671432;0
r_241;-0.317164932671432;0
r_242;-0.317164932671432;0
r_243;-0.317164932671432;0
r_244;-0.317164932671432;0
r_2462g;NaN;NaN
r_249;NaN;NaN
r_25;-0.311962722152443;0
r_250;-0.322070850199556;0
r_2512g;-0.417588125513797;9.33377076109613e-07
r_251u;-0.317164903585104;0
r_252;2.08049483578425;1.74217815615178e-64
r_253;1.46300048844012;1.15300153926673e-76
r_254;-0.960455005752616;0.00695373348467872
r_2542g;-0.361840966145523;3.7500313085916e-18
r_255;1.96623080150591;2.75066462701388e-11
r_256;1.30426778229046;6.98681904670257e-66
r_257;-0.317164991457639;0
r_258;-0.360196094232453;2.66025186643372e-19
r_2584g;NaN;NaN
r_259;NaN;NaN
r_26;-2.38856813748044;8.32413699606629e-141
r_260;NaN;NaN
r_261;NaN;NaN
r_262;NaN;NaN
r_2620g;NaN;NaN
r_263;0.614564137771522;0.339750074303267
r_264;-0.570516380745629;0.327419560948683
r_265;-1.92283671510137;0.00230488219401449
r_266;-0.093935073511953;0.913068149801931
r_267;NaN;NaN
r_268;NaN;NaN
r_269;NaN;NaN
r_27;-0.301766114870297;0
r_270;NaN;NaN
r_271;NaN;NaN
r_272;-0.317164945157129;0
r_273;0.934523430999474;3.20571063174502e-05
r_274;0.934523430999474;3.20571063174502e-05
r_275u;NaN;NaN
r_277u;0.934523430999474;3.20571063174502e-05
r_278;-0.317164945157142;0
r_279;-0.31716494515713;0
r_28;NaN;NaN
r_280;1.07966669453309;0
r_281;NaN;NaN
r_2812g;NaN;NaN
r_282;NaN;NaN
r_283;NaN;NaN
r_284;NaN;NaN
r_285;NaN;NaN
r_286;NaN;NaN
r_287;NaN;NaN
r_288;NaN;NaN
r_2884g;0.616063411465451;0.445384083509082
r_289;NaN;NaN
r_29;NaN;NaN
r_290;NaN;NaN
r_291;NaN;NaN
r_292;NaN;NaN
r_293;NaN;NaN
r_294;NaN;0.040007514321692
r_2948g;4.46777148128348;9.98143887477573e-164
r_295;NaN;0.0478357250417683
r_296;NaN;NaN
r_297;NaN;NaN
r_298;NaN;NaN
r_299;NaN;NaN
r_30;-0.321310147952594;0
r_300;0.472724760065545;0
r_301;0.0111187068833688;0.991907681659392
r_302;1.07966669453309;0
r_3022g;-0.279540014947129;0.407817608174169
r_303;NaN;NaN
r_3030g;0.735277292495086;0.000174746664221077
r_3034g;NaN;NaN
r_304;NaN;NaN
r_3042g;NaN;NaN
r_3046g;NaN;NaN
r_3054g;NaN;NaN
r_3058g;NaN;NaN
r_306;-0.519289808213187;0.441165706471356
r_3066g;NaN;NaN
r_307;-0.31615275649005;4.68298568616468e-75
r_3070g;NaN;NaN
r_3078g;NaN;NaN
r_308;-0.340830444694359;0.630897445198893
r_3082g;NaN;NaN
r_309;-0.2865449349804;0.594735721251125
r_3090g;NaN;NaN
r_3098g;-0.36361659805043;4.87271662384747e-17
r_310;-0.0649140174288733;0.67728101778176
r_3104g;1.09284163064238;0.00484288849140395
r_311;-0.0466775813007907;0.857890457325457
r_3112g;-0.726707968628523;0.357155607575814
r_312;-0.380339950111052;1.81358885972855e-22
r_3120g;-0.126655411881196;0.870379027024601
r_3128g;-1.13090006238653;0.17756671338399
r_313;NaN;NaN
r_3136g;3.8035343467242;0.00049902410186152
r_314;-0.13688443751411;0.860006973726897
r_3144g;-0.636711999379236;0.292969574390814
r_315;-0.592464984263433;0.587380878212976
r_3152g;-0.777281775593507;0.39964171118173
r_3160g;1.06042347596043;0.282059068896986
r_3168g;-1.15163019227392;0.179326405944586
r_317;-0.317164932671432;0
r_3176g;-1.48005717161025;0.0387194572274833
r_318;-0.379704609609287;0.352439571005429
r_3184g;-0.126655411881196;0.870379027024601
r_319;NaN;NaN
r_3192g;-0.484038899406124;0.738907757676472
r_32;-0.317241823309722;0
r_320;NaN;NaN
r_3200g;-1.88411955007421;0.411232466532422
r_3208g;-1.01716356094683;0.0421017250969335
r_321;NaN;NaN
r_3216g;-0.641521241981348;0.594788757523123
r_322;NaN;NaN
r_3224g;-1.14311276949665;0.147368934448245
r_323;NaN;NaN
r_3232g;-0.73020058442833;0.27253043784192
r_3240g;NaN;NaN
r_3244g;NaN;NaN
r_3248g;NaN;NaN
r_3252;-0.457699972664173;0.034809346313805
r_3253;-1.12551580781172;0.0505671791936947
r_3254;-1.78159454845945;0.0429785306383582
r_3255;-1.29775186774336;0.139412862006278
r_3256;-0.627220624569136;0.444493342942697
r_3257;-2.25039829718083;0.0170666454031577
r_3258;-1.1418817635752;2.22274197449444e-06
r_3259;-0.406562948161406;0.640327180172199
r_326;-0.116447499238359;0.33194155471325
r_3260;-0.993642099484727;0.235474318284118
r_3261;-2.19347380408949;0.0499225085951524
r_3262;-1.68969552659346;0.0476047375243121
r_3263;-1.32738779334545;0.125022314093418
r_327;0.550881745128032;0.272681792962406
r_329;-1.04615389556659;0.104065932966136
r_3296g;-0.0161909118021654;0.956973125024128
r_33;-0.725748969895137;0.38326784355844
r_330;-1.74464758714823;0.0277006811807013
r_3304g;NaN;NaN
r_3308g;-0.0161909118021654;0.956973125024128
r_331;NaN;NaN
r_3312g;0.725101460650369;0.300135658421886
r_3316g;2.37389668190565;5.61139899095815e-23
r_332;NaN;NaN
r_3324g;1.03940556245253;0.187439251419088
r_333;-0.0133393553945361;0.958378921974441
r_3332g;-0.73020058442833;0.27253043784192
r_334;NaN;NaN
r_3340g;-1.14311276949665;0.147368934448245
r_335;NaN;NaN
r_336u;-0.470596028314685;0.000156150631837996
r_336u_1;1.11929325170779;0.110810888206853
r_337u;-0.18308038870906;0.163161329629534
r_337u_1;NaN;NaN
r_337u_2;NaN;NaN
r_34;NaN;NaN
r_340;0.614564137771522;0.339750074303267
r_341;-0.570516380745629;0.327419560948683
r_342;-0.538120341498073;0.339413659359773
r_343;0.290590572872739;0.648945544587981
r_344;-0.317164945157131;0
r_345;NaN;NaN
r_346;NaN;NaN
r_347;NaN;NaN
r_348;NaN;NaN
r_349;-0.317164945157139;0
r_35;NaN;NaN
r_350;NaN;NaN
r_3508;0.961360830559884;0.0123990710384439
r_3509;-0.921855214226272;0.000433481809062899
r_351;NaN;NaN
r_3510;0.219059155994682;0.325284529969857
r_3511;-0.445087649328762;0.0510303865807986
r_3512;2.52535375890046;2.06231206034727e-11
r_3513;-0.82333612142177;0.000285400021597371
r_3514;-0.723796072440356;1.70754345876849e-10
r_3515;0.869883300919283;0.14317413361018
r_3516;0.0521147424030423;0.923536647328051
r_3517;1.94058186789255;2.26725423855602e-42
r_3518;2.87382204068341;1.27503190535218e-87
r_3519;-0.524805733946825;0
r_352;-0.314395501845221;0
r_3520;-0.484834742921231;1.21588364694568e-27
r_3521;-0.605580999159659;0.0528116225050694
r_3522;-0.544908163531621;0.137529320538994
r_3523;-0.207352165932864;0.70272142016161
r_3524;1.40469837394562;0.0433040350228076
r_3525;-0.601259219374722;2.10090770918818e-145
r_3526;-0.459313868288558;0
r_3527;-0.723796072440356;1.70754345876849e-10
r_3528;-0.383599748553705;0.120730744206972
r_3529;-0.723796072440356;1.70754345876849e-10
r_353;-0.317164945157152;0
r_3530;-0.723796072440356;1.70754345876849e-10
r_3531;-0.442000675514463;0
r_3532;-0.442000675514463;0
r_3533;-0.442000675514463;0
r_3534;0.66205432092808;0.00175627522394598
r_3535;NaN;NaN
r_3536;-0.296230823006163;0.00069684234925124
r_3537;-0.082624989533401;0.627147839158747
r_3538;-0.343753233306125;9.25462353189629e-55
r_3539;-0.417588125513797;9.33377076109613e-07
r_354;NaN;NaN
r_3540;-0.274049927851304;4.10098231073732e-287
r_3541;NaN;NaN
r_3542;0.934523430999474;3.20571063174502e-05
r_3543;-0.281548111078193;0.0705333658056109
r_3544;-0.281548111078193;0.0705333658056109
r_3545;-0.317164983292347;0
r_3546;-0.317165051127891;0
r_3547;-0.31716502989413;0
r_3548;-0.31716502989413;0
r_3549;NaN;NaN
r_355;-0.317164932671432;0
r_3550;NaN;NaN
r_3551;NaN;NaN
r_3552;-0.530826816540375;0.00434987488605238
r_3553;-1.51083789047286;0.010280889587919
r_3554g;0.188703425126745;0.445266948325263
r_356;NaN;NaN
r_3562g;-0.677428606768416;0.396317944362701
r_357;-1.16274071158929;0.0691339937275661
r_3570;0.735277292495086;0.000174746664221077
r_3571;0.28730878844025;0.32802942634118
r_3572;-0.368430527421788;0.112434267683059
r_3573;-0.432180831696272;0.223594528985429
r_3574;-0.840675080470739;0.000277885976253849
r_3575;0.864079402611429;0.126303273675974
r_3576;2.6635695597301;0.00186359888397946
r_3577;0.333605029620488;3.57714077073305e-12
r_3578;3.84322438154232;7.51580306718215e-25
r_3579;-0.894346612656766;2.29662070515581e-113
r_358;-Inf;0.000496247154222373
r_3580;-0.505123470965835;3.97612222681683e-29
r_3581;-0.336380963910626;0
r_3582;NaN;NaN
r_3583;NaN;NaN
r_3584;NaN;NaN
r_3585;-0.456260804415342;0.00199243891919602
r_3586;-0.456260804415342;0.00199243891919602
r_3587;-0.456260804415342;0.00199243891919602
r_3588g;-1.14551853087275;8.91897110381442e-05
r_359;NaN;NaN
r_3596;-0.380352169319402;0.00415300594722544
r_3597;-0.0161909118021624;0.956973125024128
r_3598;NaN;NaN
r_3599;-1.96908718932921;0.0257684160047739
r_36;-0.0779573812740889;0.944643389942599
r_360;NaN;NaN
r_3600;-1.71263496318878;0.0061429522287661
r_3601;0.253434892725879;0.67079271599202
r_3602;0.253434892725879;0.67079271599202
r_3603;0.366649295703715;0.346908440001534
r_3604;0.0650080022623222;0.838132629559416
r_3605;-0.706063992117066;0.179761837034174
r_3606;NaN;NaN
r_3607;NaN;NaN
r_3608;NaN;NaN
r_3609;-1.68969552659346;0.0476047375243121
r_361;-0.317164945157129;0
r_3610;NaN;NaN
r_3611;-1.32738779334545;0.125022314093418
r_3612;NaN;NaN
r_3613;NaN;NaN
r_3614;NaN;NaN
r_3615;NaN;NaN
r_3616g;-1.31749794045945;0.137671031285839
r_362;-0.317164945157129;0
r_3624g;-0.756866607044046;0.417632936080189
r_363;0.645439140701678;0.437986336476238
r_3632g;-1.39420692074217;0.0574798061694261
r_364;-0.279019238166005;0.00069684234925124
r_3640g;NaN;NaN
r_3648;-1.01653822574576;0.118822308337406
r_3649;-1.01653822574576;0.118822308337406
r_3650;-0.996947757852419;0.118822308337406
r_3651;-0.995265935853654;0.118387960437606
r_3652;-0.995265935853654;0.118387960437606
r_3653;-0.550161261293283;0.606962001869929
r_3654g;-0.126655411881196;0.870379027024601
r_366;0.106325551141024;0
r_3662;-0.736107818646828;0.248119400468206
r_3663;-0.736107818646828;0.248119400468206
r_3664;-0.743884720273626;0.246655140928545
r_3665;-1.16961427065993;0.226731724960769
r_3666;-0.745434796921921;0.243812321055699
r_3667;-0.745434796921921;0.243812321055699
r_3668;-0.362711481493688;1.36605806476268e-17
r_3669;-0.315864595075999;0
r_3670;NaN;NaN
r_3671;NaN;NaN
r_3672g;-0.36361659805043;4.87271662384747e-17
r_3678;NaN;NaN
r_3679;NaN;NaN
r_368;NaN;NaN
r_3680;NaN;NaN
r_3681;0.864079402611429;0.126303273675974
r_3682;2.6635695597301;0.00186359888397946
r_3683;-1.96908718932921;0.0257684160047739
r_3684;-1.71263496318878;0.0061429522287661
r_3685g;0.951674042357707;0.0705333658056109
r_37;NaN;NaN
r_370;NaN;NaN
r_3717;-1.54221586465912;0.0104994138252549
r_3718;-1.35443450792568;0.0210410616267053
r_3719;-1.08101641174855;2.41737408770163e-06
r_3720;-1.44317878373353;0.0240676518027472
r_3721;-0.455264490763753;0.0323793873988831
r_3722;-0.908723123604809;0.0304840803779771
r_3723;-1.78159454845945;0.0429785306383582
r_3724;-1.29775186774336;0.139412862006278
r_3725;-0.627220624569136;0.444493342942697
r_3726;-2.25039829718083;0.0170666454031577
r_3727;-1.1418817635752;2.22274197449444e-06
r_3728;-0.406562948161406;0.640327180172199
r_3729;-0.993642099484727;0.235474318284118
r_373;NaN;NaN
r_3730;-2.19347380408949;0.0499225085951524
r_3731g;-0.283372464904285;0
r_3739g;-0.510354717497021;0.000662713226598314
r_3747g;2.37389668190565;5.61139899095815e-23
r_3751g;0.616063411465451;0.445384083509082
r_3755g;-0.337814961378575;0
r_3759g;-0.360196094232453;2.66025186643372e-19
r_3765g;-0.315864595075999;0
r_3773g;-0.315864595075999;0
r_3781g;NaN;NaN
r_3789g;NaN;NaN
r_3797g;NaN;NaN
r_38;NaN;NaN
r_3805g;3.8035343467242;0.00049902410186152
r_381;NaN;NaN
r_3813g;-1.16961427065993;0.226731724960769
r_3821g;-1.16961427065993;0.226731724960769
r_3829g;NaN;NaN
r_3837g;0.0813272997115944;0.846532932248073
r_3845g;-0.550161261293283;0.606962001869929
r_3853g;-0.550161261293283;0.606962001869929
r_3861g;-1.13090006238653;0.17756671338399
r_3869g;0.799406309757559;0.350603342533369
r_3877g;1.10777921299706;0.00159939316081862
r_3885g;NaN;NaN
r_3893g;NaN;NaN
r_39;-0.31716494515713;0
r_3901;NaN;NaN
r_3902;NaN;NaN
r_3903g;1.10777921299706;0.00159939316081862
r_3911g;1.22513469000603;0.251303280471537
r_3919g;-1.01716356094683;0.0421017250969335
r_3927;-1.68969552659346;0.0476047375243121
r_3928;-1.32738779334545;0.125022314093418
r_3929g;-1.39420692074217;0.0574798061694261
r_3937;-0.676328411720293;0.114888374848002
r_3938;-0.403377090334483;0.380944150924761
r_3939;NaN;NaN
r_3940;-1.10551093405579;0.0299517589716703
r_3941g;3.8035343467242;0.00049902410186152
r_3949g;-0.726707968628523;0.357155607575814
r_3957;0.0124905806036916;0.976245996592643
r_3958;-0.317164903583468;0
r_3959;-0.360196094232453;2.66025186643372e-19
r_3960;-0.360196094232453;2.66025186643372e-19
r_3961;-0.361840966145523;3.7500313085916e-18
r_3962;-0.360196094232453;2.66025186643372e-19
r_3987;NaN;NaN
r_399;2.74158586149678;0.0126778754056874
r_3996;NaN;NaN
r_4;NaN;NaN
r_40;-0.31716494515713;0
r_400;1.21845767550545;0.327419560948683
r_4005;NaN;NaN
r_402;0.353213094673824;0.730758122205014
r_4038;NaN;NaN
r_4039;0.165762779480683;0.630897445198893
r_4040;NaN;NaN
r_4042;NaN;NaN
r_4043;NaN;NaN
r_4044;NaN;NaN
r_4045;-0.576516569739654;0.0675555631122039
r_41;NaN;NaN
r_410;0.702419493538939;0.483431565765979
r_412;0.936627876366189;0.622603957961706
r_42;-0.31716494515713;0
r_43;NaN;NaN
r_436;NaN;NaN
r_437;NaN;NaN
r_438;0.497333808787627;0
r_439;0.497333808787627;0
r_44;NaN;NaN
r_440;NaN;NaN
r_443;NaN;NaN
r_445;-0.544720072940658;0.0123990710384439
r_446;1.924986089699;1.08672563813306e-05
r_447;NaN;NaN
r_448;2.28949805974644;3.61810784045486e-09
r_449;0.599171136089437;0.215979304040635
r_45;NaN;NaN
r_450;0.764861227522178;0.226731724960769
r_451;1.34806833646782;0
r_452;-0.22628638861754;5.97842052108889e-60
r_453;-0.317164945157139;0
r_457;NaN;NaN
r_458;NaN;NaN
r_459;-0.410923891190152;0.462523129074362
r_460;NaN;NaN
r_461;NaN;NaN
r_462;-0.317164932671432;0
r_463;0.676906739578191;0.2578004716132
r_465;-0.741183638776211;0.387322434428622
r_466;-0.303986189368459;0
r_467;-0.306256112073946;0
r_468;0.0704138163169561;0.886588842957499
r_469;-0.224892249133719;0.366782659687057
r_470;1.9849304336393;4.06754721169491e-09
r_471;-0.304979877154193;0
r_472;-0.302310408829005;0.163769325934042
r_473;0.0704138163169561;0.886588842957499
r_475;-1.15767397054754;0.2578004716132
r_476;-0.3165789234302;0
r_477;-0.318102313122531;0
r_478;NaN;NaN
r_479;NaN;NaN
r_480;NaN;NaN
r_481;0.426331738439035;0.671824278038891
r_482;NaN;NaN
r_483;0.426331738439036;0.671824278038891
r_484;NaN;0.123582403989569
r_485;NaN;NaN
r_486;0.0922308029183361;0
r_487;NaN;NaN
r_488;-2.44856576593426e-07;0.956973125024128
r_490;0.00110958692155257;0.000439126682480597
r_491;0.482151713392595;0.126303273675974
r_492;0.419755864799754;0.786861987459929
r_493;NaN;NaN
r_494;NaN;NaN
r_495;0.66205432092808;0.00175627522394598
r_496;-0.336380963910626;0
r_497;0.735277292495086;0.000174746664221077
r_499;-2.68500280681456;0
r_5;-0.317164945157127;0
r_500;NaN;NaN
r_501;-2.92095614762197;0.0485282342184758
r_502;-0.488253254554725;0
r_503;-0.338843145601938;1.11140110031517e-11
r_504;-0.311540829480293;1.24597747759631e-08
r_505;1.34856844467494;0
r_506;-0.177328105283204;0.769575779969622
r_507;-0.177328105283205;0.769575779969622
r_508;-0.177328105283204;0.769575779969622
r_509;-0.311540829480293;1.24597747759631e-08
r_510;0.598458096065246;0.10232482546363
r_511;0.592488465300095;0.126303273675974
r_512;NaN;NaN
r_514;-0.306596621925109;0
r_515;0.025369410227066;0.94704242024773
r_518;NaN;NaN
r_519;NaN;NaN
r_520;NaN;NaN
r_521;NaN;NaN
r_522;NaN;NaN
r_523;NaN;NaN
r_524;NaN;NaN
r_525;NaN;NaN
r_526;1.0151462173286;0.065043932080456
r_527;-0.755620423508284;0.416422676739433
r_528;0.772356743887793;0.295547378142097
r_529;-0.352719358766159;0.0811373186870125
r_530;NaN;NaN
r_531;NaN;NaN
r_532;NaN;NaN
r_533;NaN;NaN
r_534;0.360348311260246;0.375660819984896
r_535;NaN;NaN
r_536;-0.317164945157105;0
r_537;-0.317164945157105;0
r_538;-0.317164945157105;0
r_539;NaN;NaN
r_540;NaN;NaN
r_541;NaN;NaN
r_542;-0.301766114870297;0
r_543;NaN;NaN
r_544;-0.526339272104896;0.441165706471356
r_545;-0.301766114870297;0
r_547;-0.318335503947362;0
r_548;-0.32075670342352;0
r_549;-0.302741360731727;0
r_550;3.24978459925844;0.0096489834587779
r_551;NaN;NaN
r_552;0.286056156124271;0.754585066352176
r_553;NaN;NaN
r_554;NaN;NaN
r_555;NaN;NaN
r_556;-0.901904571743491;0.0759676220755005
r_557;NaN;NaN
r_558;-0.304339563607513;0
r_559;0.176797010009883;0.744620587241212
r_560;-0.30060334624551;0
r_561;-0.901904571743491;0.0759676220755005
r_562;-0.841350503196903;0.251833758211306
r_563;-0.317164945157105;0
r_564;-0.317164945157105;0
r_565;-0.284917739339379;0
r_566;0.593297744505548;0
r_568;-0.353818385201902;0.279970652430373
r_569;-0.295658953826884;0
r_57;0.172225301032136;0.258127649304453
r_570;-0.306241420818888;0
r_571;-1.15872155836153;0.0705333658056109
r_572;NaN;NaN
r_573;NaN;NaN
r_574;NaN;NaN
r_575;NaN;NaN
r_576u;NaN;NaN
r_577u;NaN;NaN
r_578u;NaN;NaN
r_579u;NaN;NaN
r_58;NaN;NaN
r_580u;NaN;NaN
r_581u;NaN;NaN
r_582u;NaN;NaN
r_583u;NaN;NaN
r_584u;NaN;NaN
r_585u;NaN;NaN
r_586u;NaN;NaN
r_587u;NaN;NaN
r_588u;NaN;NaN
r_589u;NaN;NaN
r_590u;NaN;NaN
r_591u;NaN;NaN
r_592u;NaN;NaN
r_593u;NaN;NaN
r_594u;NaN;NaN
r_595u;NaN;NaN
r_596;NaN;NaN
r_597;NaN;NaN
r_598;NaN;NaN
r_599;NaN;NaN
r_6;NaN;NaN
r_60;-0.321310147952594;0
r_600;NaN;NaN
r_601;NaN;NaN
r_602;NaN;NaN
r_603;NaN;NaN
r_604;NaN;NaN
r_605;NaN;NaN
r_606;NaN;NaN
r_607;NaN;NaN
r_608;NaN;NaN
r_609;NaN;NaN
r_61;-0.321310147952594;0
r_610;NaN;NaN
r_611;NaN;NaN
r_612;NaN;NaN
r_613;NaN;NaN
r_614;NaN;NaN
r_615;NaN;NaN
r_616;NaN;NaN
r_617;NaN;NaN
r_618;NaN;NaN
r_619;NaN;NaN
r_620;NaN;NaN
r_621;NaN;NaN
r_622;NaN;NaN
r_623;NaN;NaN
r_624;NaN;NaN
r_625;NaN;NaN
r_626;NaN;NaN
r_627;NaN;NaN
r_628;NaN;NaN
r_629;NaN;NaN
r_63;-0.337925906844646;2.7894189461e-11
r_630;NaN;NaN
r_631;NaN;NaN
r_632;NaN;NaN
r_633;NaN;NaN
r_634;NaN;NaN
r_635;NaN;NaN
r_636;NaN;NaN
r_637;NaN;NaN
r_638;NaN;NaN
r_639;NaN;NaN
r_640;NaN;NaN
r_641;NaN;NaN
r_642;NaN;NaN
r_643;NaN;NaN
r_644;NaN;NaN
r_645;NaN;NaN
r_646;NaN;NaN
r_647;NaN;NaN
r_648;NaN;NaN
r_649;NaN;NaN
r_65;-0.31716494515713;0
r_650;NaN;NaN
r_651;NaN;NaN
r_652;NaN;NaN
r_653;NaN;NaN
r_654;NaN;NaN
r_655;NaN;NaN
r_658;1.23238047762712;0
r_659;NaN;NaN
r_66;NaN;NaN
r_661;NaN;NaN
r_662;-0.105076078997541;3.18856355561159e-10
r_663;NaN;NaN
r_664;-0.317164945157152;0
r_665;NaN;NaN
r_666;NaN;NaN
r_667;-0.317164932671432;0
r_668;NaN;NaN
r_669;-0.317164945157152;0
r_67;NaN;NaN
r_670;0.624285686425192;0
r_671;NaN;NaN
r_672;NaN;NaN
r_673;NaN;NaN
r_674;0.222225800046554;0.743091158478
r_675;NaN;NaN
r_676;NaN;0.147368934448245
r_678;-0.301874216256887;0
r_679;-0.306550782273608;6.90703142084976e-124
r_68;-0.224892249133719;0.366782659687057
r_681;NaN;NaN
r_682;NaN;NaN
r_683;NaN;NaN
r_687;NaN;NaN
r_688;NaN;NaN
r_689;-0.822991269239995;0.540903173940937
r_69;NaN;NaN
r_690;NaN;NaN
r_691;NaN;NaN
r_692;-0.325505039521429;0
r_693;-0.0852163013053584;0.908039362038991
r_694;0.624285686425192;0
r_696;NaN;NaN
r_697;NaN;NaN
r_698;-0.317164932671432;0
r_699;NaN;NaN
r_7;-0.317164945157105;0
r_70;NaN;NaN
r_700;-0.317164945157131;0
r_701;NaN;NaN
r_702;NaN;NaN
r_703;NaN;NaN
r_704;NaN;NaN
r_705;NaN;NaN
r_706;NaN;NaN
r_707;NaN;NaN
r_708;NaN;NaN
r_710;NaN;NaN
r_711;NaN;NaN
r_712;NaN;NaN
r_713;0.395503797138045;0
r_714;0.0708773909664513;0
r_715;1.37998785866786;1.50021277369422e-72
r_716;0.0706292433870211;0.787833404386766
r_717;-0.289690454262849;0.736753183174642
r_718;-0.334517673988975;6.26002744855078e-96
r_719;-0.53758999153444;0.432640779162732
r_721;NaN;0.148731871478372
r_722;-0.317164945157129;0
r_723;-0.317164945157129;0
r_724;NaN;0.0167135510701762
r_725;-0.41323681626001;0
r_726;-0.319117197752633;0
r_727;-0.317164976028028;0
r_728;NaN;NaN
r_729;NaN;NaN
r_73;-0.437031153293159;0.575185472608829
r_730;NaN;NaN
r_731;-0.707907119450815;0
r_732;-0.0462573173953237;0.529818878551278
r_733;NaN;0.340996921407433
r_734;NaN;NaN
r_735;-0.0916414439107406;0.881789767110124
r_736;-0.316426313305468;0
r_737;-1.01378983916019;0.139004323954113
r_738;-0.292084451338523;0.684993950419308
r_739;-0.317164932671451;0
r_74;-0.43703115329316;0.575185472608829
r_75;-2.38856813748044;8.32413699606629e-141
r_757;-0.317165051127891;0
r_758;-0.317165051127891;0
r_759;-0.314154407898106;0
r_76;-0.656334866696851;0.133930977555532
r_760;-0.321178572487451;0
r_761;NaN;NaN
r_762;0.624285686425192;0
r_764;NaN;NaN
r_765;NaN;NaN
r_766;NaN;NaN
r_767;NaN;NaN
r_768;NaN;NaN
r_769;NaN;NaN
r_77;-0.748867795975006;0.186107291124403
r_770;0.251468273564181;0.838490770468688
r_771;NaN;NaN
r_772;NaN;NaN
r_773;NaN;NaN
r_774;-0.00117251139091684;0.998300040739638
r_775;NaN;NaN
r_78;1.56767335410487;0.000275883841770947
r_781;NaN;NaN
r_782;NaN;NaN
r_783;NaN;NaN
r_784;NaN;NaN
r_785;NaN;NaN
r_786;NaN;NaN
r_787;NaN;NaN
r_788;0.0047355481007134;0.995858868613509
r_789;0.451901179490031;0.425467050807925
r_79;-0.301609023566976;0
r_790;0.143316341503993;0.885833542769322
r_791;NaN;NaN
r_792;-0.871400079727652;0.548853842812039
r_793;0.040649417925237;0.939070349534096
r_795;-0.320958256189992;2.10090770918818e-145
r_796;-0.491949755580269;0.580312915916069
r_797;0.53323888702707;0.291055983150794
r_798;0.191513376188551;0.818324740047121
r_799;0.220548146478749;0.8852593702629
r_80;-0.317164976028028;0
r_800;-0.313193408681057;1.9190484842295e-258
r_801;-1.88882020252874;0.112638705923253
r_802;NaN;NaN
r_803;-0.448255624277659;6.71394157988255e-08
r_804;-0.34492647116063;0.743091158478
r_805;0.134152775762171;0.90079051604722
r_806;-0.860396943036331;0.339022880973528
r_807;-0.224338547929313;0.806014811647177
r_81;NaN;NaN
r_810;NaN;NaN
r_811;-0.314297036537995;0
r_812;NaN;NaN
r_813;-0.31311170485595;0
r_815;NaN;0.789672740583079
r_816;-0.327173353683578;3.91143330682707e-165
r_817;NaN;NaN
r_818;-0.314154407898106;0
r_819;0.00495201421669677;0.995434951736808
r_82;-0.73709105293426;0.118387960437606
r_820;-0.317164945157139;0
r_821;-0.317164945157139;0
r_83;-1.15581451703876;0.0272881040268736
r_831;1.34858857629808;0
r_832;1.34858857629808;0
r_84;NaN;NaN
r_841;-0.337925906844681;2.7894189461e-11
r_842;-0.337925906844654;2.7894189461e-11
r_843;-0.337925906844646;2.7894189461e-11
r_844;2.74158586149678;0.0126778754056874
r_845;0.997875403791064;0.00625341940200346
r_847;-0.558151459417822;2.03525965241487e-05
r_848;-0.841503447337368;0.00122378946041714
r_849;0.552321993651454;0.000398262286102256
r_85;NaN;NaN
r_850;0.70241949353894;0.483431565765979
r_851;2.90107075863077;0
r_852;NaN;NaN
r_853;NaN;NaN
r_854;NaN;NaN
r_855;-0.301609023566976;0
r_859u;-0.317165029894156;0
r_86;-2.38856813748044;8.32413699606629e-141
r_860u;-0.361840966145523;3.7500313085916e-18
r_866u;-1.15163019227392;0.179326405944586
r_867u;-1.39420692074217;0.0574798061694261
r_87;-2.38856813748044;8.32413699606629e-141
r_875u;-0.317165051127891;0
r_876u;-1.39420692074217;0.0574798061694261
r_877;-0.315864595075999;0
r_878;-1.16961427065993;0.226731724960769
r_879;-0.550161261293283;0.606962001869929
r_88;-0.43703115329316;0.575185472608829
r_880u;-0.317164983292347;0
r_882;-0.317164945157129;0
r_883;-0.317241823309722;0
r_884;0.95724742104641;0.203665245077731
r_885;NaN;NaN
r_886;-0.162279982052672;0.888516128560831
r_887;-0.47545046090179;0.55355922830764
r_888;-0.316267953504307;0
r_889;-0.303986189368459;0
r_89;-1.69162048667832;0.275492325245825
r_890;NaN;NaN
r_891;-0.304592839329771;0
r_892;0.0922308029183361;0
r_893;0.106325551141024;0
r_899u;1.16964689094492;0.200856663469483
r_8u;0.66205432092808;0.00175627522394598
r_90;2.28949805974644;3.61810784045486e-09
r_900u;-0.317165029894156;0
r_901u;-0.317165029894156;0
r_902;-0.317164945157129;0
r_903;-0.901904571743491;0.0759676220755005
r_904;-0.317164932671451;0
r_905;-0.337925906844664;2.7894189461e-11
r_906;-0.337925906844664;2.7894189461e-11
r_907;0.668868605505517;0.0125487674814054
r_908;-0.301609023566976;0
r_909;-0.317164945157105;0
r_91;-0.303986189368459;0
r_910;-0.317164945157105;0
r_911;-0.301609023566976;0
r_912;-0.306241420818888;0
r_913;0.593297744505548;0
r_914;-0.301609023566976;0
r_915;-0.301609023566976;0
r_916;-0.151549268881146;3.51186281935535e-191
r_917;-0.304592839329771;0
r_918;-0.304592839329771;0
r_919;1.87850252655383;0.0528116225050694
r_92;-0.700434799384754;0.43114341363192
r_920;0.575946269058036;0.463497155831427
r_921;NaN;NaN
r_922;NaN;NaN
r_923;0.0813272997115951;0.846532932248073
r_929;NaN;NaN
r_93;-0.700434799384755;0.43114341363192
r_935;NaN;NaN
r_936;NaN;NaN
r_937;-2.38856813748044;8.32413699606629e-141
r_938;-0.317164945157119;0
r_939;-0.317164945157131;0
r_94;NaN;NaN
r_940;-0.965257710341905;0.0991655040125189
r_941;NaN;NaN
r_942;NaN;NaN
r_943;NaN;NaN
r_944;-0.633256848026034;0.238281293523444
r_945;NaN;NaN
r_946;0.315084439494929;0.413428640071257
r_947;-0.207140700855833;0.486428943493737
r_948;NaN;NaN
r_949;-0.100056419076661;0.926084897526307
r_95;NaN;NaN
r_950;NaN;NaN
r_951;-0.841350503196911;0.251833758211306
r_952;0.567735220751851;0.0201579413805431
r_953;NaN;NaN
r_954;NaN;NaN
r_955;NaN;NaN
r_956;NaN;NaN
r_957;-0.328582408267371;5.453614510365e-258
r_958;-0.794878026006374;0
r_959;-0.0059149466040287;0.995434951736808
r_96;-0.314395501845221;0
r_960;NaN;NaN
r_961;0.427992711561377;0
r_962;0.111753797352853;0
r_963;NaN;NaN
r_964;NaN;NaN
r_965;NaN;NaN
r_966;NaN;NaN
r_967;NaN;NaN
r_968;NaN;NaN
r_969;-0.525918160028031;0.0705333658056109
r_97;-0.314395501845221;0
r_970;-0.312479278368512;0
r_971;-0.459283849980055;0.540322520680869
r_972;1.27436220383416;0.376595725923523
r_973;-0.433142782273968;0.497138812154812
r_974;-0.260514429643617;1.82412649616247e-05
r_975;NaN;NaN
r_976;-0.784468533014332;0.0238036472611107
r_977;NaN;NaN
r_978;-0.316501344958887;0
r_979;NaN;NaN
r_982;-0.283904537301765;0
r_983;-0.0401513950409146;0.956973125024128
r_984;-0.317281406441308;0
r_985;NaN;NaN
r_986;-0.317164932671432;0
r_987;NaN;NaN
r_988;-0.301874216256887;0
r_989;-0.301874216256887;0
r_99;NaN;0.358728605949487
r_990;-0.304385400343734;0
r_992;-0.380339950111052;1.81358885972855e-22
r_993;NaN;NaN
r_995;NaN;NaN
r_996;-0.31716494515713;0
r_997;-0.31716494515713;0
r_998;NaN;NaN
r_999;NaN;NaN
r_9u;-0.336380963910626;0
r_EXC_OUT_Dmannitol;NaN;NaN
r_EXC_OUT_erythritol;-1.05214922653398;0.35662882452692
r_EXC_OUT_isocitrate;-0.911279482438722;0.0416746163799644
r_EXC_OUT_m1640;-0.78745550353636;3.53091824411802e-36
r_G3PD;NaN;NaN
r_R00026;NaN;NaN
r_R00245;-0.333941435517753;1.87668570734403e-224
r_R00251;NaN;NaN
r_R00410;-0.877783217055307;0.166935048452805
r_R00426;0.156495369168442;0.8225327627685
r_R00434;-0.0779573812740889;0.944643389942599
r_R00489;0.708763631965619;6.87579509947522e-22
r_R00494;NaN;0.118387960437606
r_R00508;-0.159572253591587;0.870126473109848
r_R00585;-2.35094306265529;0.133508610956095
r_R00588;-2.35094306265529;0.133508610956095
r_R00589;NaN;NaN
r_R00590;NaN;NaN
r_R00662;-1.19994073574626;0.0224500811029805
r_R00720;-1.01774243549247;0.0684949501666735
r_R01855;-1.17062127740007;0.164695479627402
r_R01961;NaN;NaN
r_R02059;-1.04911772513372;0.0474381332615263
r_R02092;0.645439140701676;0.437986336476238
r_R02095;0.323952553852398;0.838490770468688
r_R02236;NaN;NaN
r_R02236_1;NaN;NaN
r_R03531;NaN;NaN
r_extra;NaN;NaN
r_iNL010_xxx;0.392646994241937;0
r_iNL2002;NaN;NaN
r_iNL2008;-0.339662867816668;0
r_iNL2010;NaN;NaN
r_iNL2011;NaN;NaN
r_iNL2012;NaN;NaN
r_iNL2015;0.0679528933420604;0.928232498099899
r_iNL786;NaN;NaN
r_iYL0443;-0.00117251139081457;0.998300040739638
r_iYL0444;-0.0401513950409146;0.956973125024128
r_iYL0446;-0.111709288036416;0.886588842957499
r_iYL0448;-0.122717334960565;0.885305938633335
r_iYL0459;-1.76846476098031;0
r_iYL0472;NaN;NaN
r_iYL0477;NaN;NaN
r_iYL0478;NaN;NaN
r_iYL0486;NaN;NaN
r_iYL0540;NaN;NaN
r_iYL0606;-0.318896422091611;0
r_iYL0606_1;NaN;NaN
r_iYL0615;-1.22085503810824;0.202936175209601
r_iYL0616;0.35230062755977;0.8225327627685
r_iYL0618;-3.18660394959141;0.0616581560739626
r_iYL0620;-Inf;0.420394294657027
r_iYL0622;-Inf;0.0615306318489185
r_iYL0623;-1.36878797430976;0.244309513411921
r_iYL0624;2.80105404189723;0.25657508137442
r_iYL0625;-1.08116740647236;0.136185624126045
r_iYL0626;-2.33558936842792;0.00966386955311365
r_iYL0627;-1.89299476758209;0.0574798061694261
r_iYL0628;-1.09562443397603;0.859877256578705
r_iYL0629;-0.199756702076677;0.942924575606933
r_iYL0630;-0.626743800742704;0.758946018252469
r_iYL0631;-2.36401159730256;0.179546676480262
r_iYL0632;0.476554717973804;0.776771642623266
r_xBIOMASS;-0.317164945157118;0
r_xCARBOHYDRATE;0.0741571655017142;0
r_xDNA;-0.317164945157118;0
r_xION;-0.317164945157118;0
r_xLIPID;-2.66697217936806;0
r_xMAINTENANCE;0.915934946876918;0
r_xPOOL_AC_EM;0.957916068636965;0.034221504188484
r_xPOOL_AC_LP;-0.377994226212179;1.11832263720346e-13
r_xPOOL_AC_MM;NaN;NaN
r_xPOOL_FA_EM;0.364844837714807;0.130915469237261
r_xPOOL_FA_EN;NaN;NaN
r_xPOOL_FA_LP;-0.352192320275608;0.0240676518027472
r_xPOOL_FA_MI;NaN;NaN
r_xPOOL_FA_MM;NaN;NaN
r_xPROTEIN;-0.513307467335778;0
r_xRNA;-0.317164945157118;0
r_yli0001;NaN;NaN
r_yli0002;NaN;NaN
r_yli0003;NaN;0.24151463687262
r_yli0004;2.03499501650212;0.0376082862009015
r_yli0005;NaN;0.634801758145351
r_yli0006;2.44207115364767;0.109141259454371
r_yli0007;NaN;0.35662882452692
r_yli0008;2.92456109413329;7.44501830923354e-07
r_yli0009;-1.31681447813933;0
r_yli0010;-0.617007815574934;0.0354269603862017
r_yli0011;-1.21889883425774;3.15408539016921e-14
r_yli0012;0.858000592786203;0.575185472608829
r_yli0013;0.542022530971352;0.339750074303267
r_yli0014;0.483338711703423;0.433220755135147
r_yli0015;-0.911279482438722;0.0416746163799644
r_yli0016;NaN;NaN
r_yli0017;0.483338711703423;0.433220755135147
r_yli0018;-1.37438316246772;0
r_yli0019;-1.44925659278471;0
r_yli0020;NaN;NaN
r_yli0021;NaN;NaN
r_yli0022;2.03499501650189;0.0376082862009015
r_yli0023;2.44207115364767;0.109141259454371
r_yli0024;2.92456109413329;7.44501830923354e-07
r_yli0025;NaN;NaN
r_yli0026;NaN;NaN
r_yli0027;NaN;NaN
r_yli0028;0.483338711703423;0.433220755135147
r_yli0029;0.61987516642545;0
r_yli0030;-0.317164945157132;0
r_yli0031;1.3588620360861;2.492265194289e-16
r_yli0032;1.3588620360861;2.492265194289e-16
r_yli0033;1.3588620360861;2.492265194289e-16
r_yli0034;1.3588620360861;2.492265194289e-16
r_yli0035;NaN;NaN
r_yli0036;NaN;NaN
r_yli0037;NaN;NaN
r_yli0038;NaN;NaN
r_yli0039;-1.05214922653398;0.35662882452692
r_yli0040;-1.05214922653398;0.35662882452692
r_yli0041;-1.05214922653398;0.35662882452692
r_yli0042;NaN;NaN
r_yli0043;NaN;NaN
r_yli0044;-2.24388537620436;3.96558313847601e-05
r_yli0045;NaN;NaN
r_yli0046;NaN;NaN
r_yli0047;-2.24388537620436;3.96558313847601e-05
r_yli0048;-2.24388537620436;3.96558313847601e-05
r_yli0049;-2.24388537620436;3.96558313847601e-05
r_yli0050;-0.877783217055233;0.166935048452805
r_yli0051;0.10633199101146;0.838490770468688
r_yli0052;0.10633199101146;0.838490770468688
r_yli0053;0.00094688135399146;0.00397430098582011
r_yli0054;0.106331991011461;0.838490770468688
r_yli0055;0.10633199101146;0.838490770468688
