"Name","Genes (tot)","Stat (dist.dir.up)","p (dist.dir.up)","p adj (dist.dir.up)","Stat (dist.dir.dn)","p (dist.dir.dn)","p adj (dist.dir.dn)","Stat (non-dir.)","p (non-dir.)","p adj (non-dir.)","Genes (up)","Stat (mix.dir.up)","p (mix.dir.up)","p adj (mix.dir.up)","Genes (down)","Stat (mix.dir.dn)","p (mix.dir.dn)","p adj (mix.dir.dn)"
"phosphatidylinositol phosphate biosynthetic process [GO:0046854]",13,0.51951,0.041896,0.31946,0.48049,0.9582,1,0.29492,0.9581,0.9999,7,0.38152,0.88571,0.9993,6,0.19389,0.78102,1
"phosphorylation [GO:0016310]",70,0.64154,0.056994,0.3394,0.35846,0.94311,1,0.25237,0.998,0.9999,25,0.34962,0.9674,0.9993,45,0.19833,0.9753,1
"fatty acid beta-oxidation [GO:0006635]",71,0.72747,0.61434,1,0.27253,0.38576,0.88243,0.24561,0.9969,0.9999,20,0.46847,0.9993,0.9993,51,0.15822,0.84912,1
"phenylacetate catabolic process [GO:0010124]",18,0.75868,0.67323,1,0.24132,0.32687,0.78706,0.22514,0.86681,0.9999,4,0.42062,0.87351,0.9993,14,0.16929,0.76692,1
"carboxylic acid metabolic process [GO:0019752]",3,0.33333,0.046395,0.3394,0.66667,0.9537,1,1.1347e-10,0.12629,0.31231,2,1e-100,0.077692,0.4223,1,3.4041e-10,0.53985,0.9386
"phospholipid dephosphorylation [GO:0046839]",4,0.72975,0.47555,0.92873,0.27025,0.52455,1,0.11275,0.47265,0.87369,1,0.14452,0.60074,0.9993,3,0.10216,0.58504,0.9386
"ergosterol biosynthetic process [GO:0006696]",28,0.85714,0.9811,1,0.14286,0.018998,0.20451,3.5442e-06,9.999e-05,0.0045745,4,2.481e-05,0.032697,0.4223,24,1e-100,9.999e-05,0.0058328
"farnesyl diphosphate biosynthetic process, mevalonate pathway [GO:0010142]",8,0.50001,0.066493,0.38026,0.49999,0.93361,1,1.2405e-05,0.0089991,0.060994,4,2.481e-05,0.032697,0.4223,4,1e-100,0.019198,0.12443
"cellular response to oxidative stress [GO:0034599]",14,0.66896,0.32127,0.79449,0.33104,0.67883,1,0.22189,0.83482,0.9999,4,0.22966,0.52665,0.9993,10,0.21878,0.88071,1
"tricarboxylic acid cycle [GO:0006099]",20,0.54879,0.030997,0.28362,0.45121,0.9691,1,0.0024287,0.00039996,0.0081325,9,1e-100,9.999e-05,0.0065493,11,0.0044158,0.017098,0.12443
"aerobic respiration [GO:0009060]",3,0.33333,0.057494,0.3394,0.66667,0.9528,1,1e-100,0.044296,0.14475,2,1e-100,0.077692,0.4223,1,1e-100,0.36796,0.75473
"methionine biosynthetic process [GO:0009086]",7,0.93507,0.93821,1,0.064934,0.061894,0.29042,0.12987,0.45165,0.86097,0,NA,NA,NA,7,0.12987,0.56554,0.9386
"sulfate assimilation [GO:0000103]",6,0.74197,0.54095,1,0.25803,0.45915,0.97064,0.36177,0.951,0.9999,1,0.5371,0.80602,0.9993,5,0.3267,0.93881,1
"glycine catabolic process [GO:0006546]",7,0.85714,0.83752,1,0.14286,0.16468,0.546,7.5902e-20,0.0030997,0.027012,1,1e-100,0.27267,0.74417,6,8.8552e-20,0.014999,0.11931
"one-carbon metabolic process [GO:0006730]",6,1,0.9959,1,3.0057e-08,0.0042996,0.098353,6.0114e-08,0.018498,0.094032,0,NA,NA,NA,6,6.0114e-08,0.039696,0.17462
"thiamine biosynthetic process [GO:0009228]",4,0.83129,0.70673,1,0.16871,0.29337,0.73544,0.33742,0.89571,0.9999,0,NA,NA,NA,4,0.33742,0.93431,1
"cell redox homeostasis [GO:0045454]",5,0.78122,0.59904,1,0.21878,0.40106,0.9061,0.43756,0.975,0.9999,0,NA,NA,NA,5,0.43756,0.9886,1
"threonine catabolic process [GO:0006567]",4,0.5,0.14269,0.49267,0.5,0.85741,1,6.2246e-06,0.094191,0.26209,2,1.9245e-18,0.13059,0.51839,2,1.2449e-05,0.35656,0.75473
"threonine biosynthetic process [GO:0009088]",5,1,1,1,1e-100,0.0074993,0.13474,1e-100,0.0051995,0.039646,0,NA,NA,NA,5,1e-100,0.0079992,0.082345
"nucleoside metabolic process [GO:0009116]",8,0.28965,0.0031997,0.1112,0.71035,0.9969,1,0.27941,0.88971,0.9999,6,0.23913,0.54885,0.9993,2,0.40023,0.88541,1
"dTMP biosynthetic process [GO:0006231]",3,0.98923,0.85461,1,0.010775,0.14549,0.50234,0.02155,0.32077,0.65223,0,NA,NA,NA,3,0.02155,0.38526,0.75473
"methylation [GO:0032259]",7,0.93507,0.93821,1,0.064933,0.061894,0.29042,0.12987,0.45145,0.86097,0,NA,NA,NA,7,0.12987,0.56534,0.9386
"carbohydrate metabolic process [GO:0005975]",11,0.76615,0.65073,1,0.23385,0.34937,0.83031,0.08658,0.23098,0.50926,3,0.30127,0.66663,0.9993,8,0.0060717,0.055094,0.19283
"pentose-phosphate shunt, non-oxidative branch [GO:0009052]",3,1,1,1,1e-100,0.050595,0.27695,1e-100,0.044296,0.14475,0,NA,NA,NA,3,1e-100,0.047895,0.17462
"lipid catabolic process [GO:0016042]",8,0.9848,0.9873,1,0.015195,0.012799,0.18017,0.030391,0.09549,0.26209,0,NA,NA,NA,8,0.030391,0.16718,0.43025
"triglyceride metabolic process [GO:0006641]",8,0.9848,0.9873,1,0.015195,0.012799,0.18017,0.030391,0.09549,0.26209,0,NA,NA,NA,8,0.030391,0.16718,0.43025
"canonical glycolysis [GO:0061621]",3,0.076378,0.0078992,0.1112,0.92362,0.9922,1,0.15276,0.60284,0.9999,3,0.15276,0.39356,0.85927,0,NA,NA,NA
"gluconeogenesis [GO:0006094]",8,0.43478,0.028897,0.27832,0.56522,0.9712,1,0.11956,0.39596,0.77915,5,0.1913,0.41296,0.88685,3,1e-100,0.047895,0.17462
"glycolytic process [GO:0006096]",10,0.29924,0.0012999,0.1112,0.70076,0.9988,1,0.0015143,0.0071993,0.052699,7,1e-100,9.999e-05,0.0065493,3,0.0050476,0.29707,0.70253
"tryptophan biosynthetic process [GO:0000162]",6,0.33333,0.013199,0.15045,0.66667,0.987,1,1e-100,0.0010999,0.01258,4,1e-100,0.0066993,0.29254,2,1e-100,0.13649,0.38879
"tryptophan metabolic process [GO:0006568]",4,0.25,0.014799,0.15045,0.75,0.9864,1,1e-100,0.015798,0.082603,3,1e-100,0.022798,0.4223,1,1e-100,0.36796,0.75473
"aromatic amino acid family catabolic process [GO:0009074]",5,0.6,0.25187,0.67784,0.4,0.75292,1,1e-100,0.0051995,0.039646,2,1e-100,0.077692,0.4223,3,1e-100,0.047895,0.17462
"lysine biosynthetic process via aminoadipic acid [GO:0019878]",11,0.81818,0.80732,1,0.18182,0.19288,0.58829,1e-100,0.00019998,0.0060994,2,1e-100,0.077692,0.4223,9,1e-100,0.00019998,0.0058328
"tyrosine biosynthetic process [GO:0006571]",7,0.71429,0.47705,0.92873,0.28571,0.52435,1,1e-100,0.00059994,0.0091491,2,1e-100,0.077692,0.4223,5,1e-100,0.0079992,0.082345
"aspartate catabolic process [GO:0006533]",3,1,1,1,1e-100,0.050595,0.27695,6.8641e-19,0.09739,0.26209,0,NA,NA,NA,3,6.8641e-19,0.11899,0.38879
"biosynthetic process [GO:0009058]",6,0.66667,0.37466,0.82059,0.33333,0.62894,1,3.432e-19,0.0084992,0.059821,2,3.2034e-26,0.12179,0.51839,4,5.148e-19,0.060794,0.20861
"aspartate biosynthetic process [GO:0006532]",3,1,1,1,1e-100,0.050595,0.27695,6.8641e-19,0.09739,0.26209,0,NA,NA,NA,3,6.8641e-19,0.11899,0.38879
"sterol metabolic process [GO:0016125]",13,0.79431,0.76032,1,0.20569,0.23978,0.62684,0.38226,0.9954,0.9999,2,0.90536,0.9972,0.9993,11,0.28715,0.9741,1
"UDP-N-acetylglucosamine biosynthetic process [GO:0006048]",4,1,1,1,1e-100,0.017898,0.20451,1.6673e-77,0.020198,0.099898,0,NA,NA,NA,4,1.6673e-77,0.025897,0.16186
"'de novo' pyrimidine nucleobase biosynthetic process [GO:0006207]",11,0.79536,0.73763,1,0.20464,0.26247,0.66712,0.045647,0.088391,0.2609,2,1e-100,0.077692,0.4223,9,0.055791,0.24978,0.60709
"CDP biosynthetic process [GO:0046705]",6,0.62482,0.27337,0.70461,0.37518,0.72673,1,0.083687,0.31807,0.65223,2,1e-100,0.077692,0.4223,4,0.12553,0.59014,0.9386
"UDP biosynthetic process [GO:0006225]",6,0.62482,0.27337,0.70461,0.37518,0.72673,1,0.083687,0.31807,0.65223,2,1e-100,0.077692,0.4223,4,0.12553,0.59014,0.9386
"pyrimidine-containing compound salvage [GO:0008655]",14,0.64335,0.24518,0.67784,0.35665,0.75492,1,0.45488,0.9999,0.9999,4,0.54777,0.9681,0.9993,10,0.41773,0.9986,1
"small molecule metabolic process [GO:0044281]",4,0.5025,0.16748,0.56758,0.4975,0.83272,1,0.0050069,0.15988,0.37511,2,0.010014,0.25787,0.74417,2,1.1831e-56,0.17338,0.43974
"allantoin catabolic process [GO:0000256]",3,1,1,1,1e-100,0.050595,0.27695,3.0366e-99,0.046995,0.15088,0,NA,NA,NA,3,3.0366e-99,0.051395,0.18355
"purine nucleobase metabolic process [GO:0006144]",6,0.83115,0.76122,1,0.16885,0.23888,0.62684,0.004367,0.064894,0.19793,1,1e-100,0.27267,0.74417,5,0.0052404,0.14219,0.38879
"CTP salvage [GO:0044211]",10,0.54682,0.10099,0.47183,0.45318,0.89911,1,0.54458,0.9999,0.9999,4,0.54777,0.9681,0.9993,6,0.54245,0.9995,1
"UMP salvage [GO:0044206]",10,0.54682,0.10099,0.47183,0.45318,0.89911,1,0.54458,0.9999,0.9999,4,0.54777,0.9681,0.9993,6,0.54245,0.9995,1
"proton transmembrane transport [GO:1902600]",4,0.49936,0.13909,0.49267,0.50064,0.86101,1,0.001274,0.13899,0.33466,2,1e-100,0.077692,0.4223,2,0.002548,0.43316,0.81508
"endocytosis [GO:0006897]",4,0.56691,0.24638,0.67784,0.43309,0.75372,1,0.37753,0.92471,0.9999,1,0.022691,0.52815,0.9993,3,0.49581,0.9743,1
"intracellular iron ion homeostasis [GO:0006879]",3,0.63534,0.29637,0.74296,0.36466,0.70373,1,0.50322,0.9628,0.9999,1,0.66085,0.84192,0.9993,2,0.4244,0.90891,1
"isoleucine biosynthetic process [GO:0009097]",13,0.84615,0.89121,1,0.15385,0.10889,0.43766,2.9607e-19,9.999e-05,0.0045745,2,1.9245e-18,0.13059,0.51839,11,1e-100,9.999e-05,0.0058328
"L-leucine biosynthetic process [GO:0009098]",8,1,1,1,1e-100,0.00039996,0.018298,1e-100,0.00029997,0.0068618,0,NA,NA,NA,8,1e-100,0.00069993,0.01361
"valine biosynthetic process [GO:0009099]",10,1,1,1,1e-100,0.00019998,0.018298,1e-100,9.999e-05,0.0045745,0,NA,NA,NA,10,1e-100,0.00019998,0.0058328
"GMP salvage [GO:0032263]",3,0.41716,0.12539,0.49267,0.58284,0.87471,1,0.17082,0.61884,0.9999,2,0.25386,0.59194,0.9993,1,0.0047307,0.65103,0.97377
"hypoxanthine metabolic process [GO:0046100]",3,0.41716,0.12539,0.49267,0.58284,0.87471,1,0.17082,0.61884,0.9999,2,0.25386,0.59194,0.9993,1,0.0047307,0.65103,0.97377
"IMP salvage [GO:0032264]",4,0.54313,0.21628,0.65965,0.45687,0.78382,1,0.1676,0.57904,0.9999,2,0.25386,0.59194,0.9993,2,0.08135,0.62894,0.97377
"XMP salvage [GO:0032265]",3,0.41716,0.12539,0.49267,0.58284,0.87471,1,0.17082,0.61884,0.9999,2,0.25386,0.59194,0.9993,1,0.0047307,0.65103,0.97377
"aspartate transmembrane transport [GO:0015810]",5,0.6,0.25187,0.67784,0.4,0.75292,1,4.5025e-40,0.013399,0.079095,2,1.1256e-39,0.10499,0.4912,3,1e-100,0.047895,0.17462
"L-glutamate transmembrane transport [GO:0015813]",5,0.6,0.25187,0.67784,0.4,0.75292,1,4.5025e-40,0.013399,0.079095,2,1.1256e-39,0.10499,0.4912,3,1e-100,0.047895,0.17462
"malate-aspartate shuttle [GO:0043490]",5,0.6,0.25187,0.67784,0.4,0.75292,1,4.5025e-40,0.013399,0.079095,2,1.1256e-39,0.10499,0.4912,3,1e-100,0.047895,0.17462
"amino acid transmembrane transport [GO:0003333]",8,0.6966,0.42666,0.90222,0.3034,0.57344,1,0.17462,0.61994,0.9999,3,0.42375,0.84132,0.9993,5,0.025137,0.24668,0.60709
"peroxisome organization [GO:0007031]",12,0.62124,0.20128,0.63507,0.37876,0.79882,1,0.40229,0.9971,0.9999,6,0.64476,0.9982,0.9993,6,0.15982,0.67093,0.99503
"mitochondrial citrate transmembrane transport [GO:0006843]",3,0.33333,0.057494,0.3394,0.66667,0.9528,1,1e-100,0.044296,0.14475,2,1e-100,0.077692,0.4223,1,1e-100,0.36796,0.75473
"mitochondrial genome maintenance [GO:0000002]",6,0.72174,0.49715,0.95767,0.27826,0.50305,1,0.11014,0.38646,0.76872,2,0.33042,0.65413,0.9993,4,1e-100,0.019198,0.12443
"arginine biosynthetic process [GO:0006526]",6,1,1,1,1e-100,0.0017998,0.047052,1e-100,0.0010999,0.01258,0,NA,NA,NA,6,1e-100,0.0027997,0.037689
"arginine biosynthetic process via ornithine [GO:0042450]",3,1,1,1,1e-100,0.050595,0.27695,1e-100,0.044296,0.14475,0,NA,NA,NA,3,1e-100,0.047895,0.17462
"proline catabolic process to glutamate [GO:0010133]",3,1.2304e-92,0.00039996,0.073193,1,1,1,2.4607e-92,0.050195,0.15724,3,2.4607e-92,0.026097,0.4223,0,NA,NA,NA
"fatty acid beta-oxidation using acyl-CoA oxidase [GO:0033540]",18,0.70685,0.45065,0.91633,0.29315,0.54945,1,0.2326,0.88771,0.9999,5,0.36334,0.82212,0.9993,13,0.18231,0.80542,1
"lipid homeostasis [GO:0055088]",18,0.70685,0.45065,0.91633,0.29315,0.54945,1,0.2326,0.88771,0.9999,5,0.36334,0.82212,0.9993,13,0.18231,0.80542,1
"phosphate ion transmembrane transport [GO:0035435]",4,0.25,0.014799,0.15045,0.75,0.9864,1,7.8943e-53,0.025097,0.12086,3,1.0526e-52,0.031997,0.4223,1,1e-100,0.36796,0.75473
"phosphatidylinositol-mediated signaling [GO:0048015]",4,0.5266,0.19748,0.63507,0.4734,0.80262,1,0.45815,0.9694,0.9999,1,0.022691,0.52815,0.9993,3,0.6033,0.9935,1
"ergosterol metabolic process [GO:0008204]",10,0.80434,0.76452,1,0.19566,0.23558,0.62684,0.35945,0.9828,0.9999,1,0.84064,0.94441,0.9993,9,0.30598,0.9732,1
"purine ribonucleoside salvage [GO:0006166]",3,0.34372,0.075392,0.41809,0.65628,0.92471,1,0.038243,0.36196,0.72791,2,0.044263,0.31427,0.80534,1,0.026202,0.68553,0.99973
"AMP metabolic process [GO:0046033]",4,0.64547,0.34597,0.82059,0.35453,0.65413,1,0.36992,0.92041,0.9999,2,0.66085,0.9539,0.9993,2,0.078985,0.62834,0.97377
"phosphatidylcholine biosynthetic process [GO:0006656]",5,1,0.9924,1,7.3275e-16,0.0080992,0.13474,1.4798e-15,0.026397,0.12229,0,NA,NA,NA,5,1.4798e-15,0.033897,0.17462
"signal transduction [GO:0007165]",3,0.74949,0.56604,1,0.25051,0.43406,0.9528,0.2369,0.70413,0.9999,1,0.60382,0.82842,0.9993,2,0.053438,0.56714,0.9386
"ADP biosynthetic process [GO:0006172]",3,0.55362,0.22168,0.66503,0.44638,0.77842,1,0.44056,0.94351,0.9999,2,0.66085,0.9539,0.9993,1,3.3661e-19,0.47775,0.87491
"'de novo' AMP biosynthetic process [GO:0044208]",3,1,1,1,1e-100,0.050595,0.27695,1e-100,0.044296,0.14475,0,NA,NA,NA,3,1e-100,0.047895,0.17462
"'de novo' IMP biosynthetic process [GO:0006189]",13,0.84615,0.89121,1,0.15385,0.10889,0.43766,1e-100,9.999e-05,0.0045745,2,1e-100,0.077692,0.4223,11,1e-100,9.999e-05,0.0058328
"glycine biosynthetic process, by transamination of glyoxylate [GO:0019265]",3,0.33333,0.057494,0.3394,0.66667,0.9528,1,1e-100,0.044296,0.14475,2,1e-100,0.077692,0.4223,1,1e-100,0.36796,0.75473
"branched-chain amino acid biosynthetic process [GO:0009082]",4,1,1,1,1e-100,0.017898,0.20451,1e-100,0.015798,0.082603,0,NA,NA,NA,4,1e-100,0.019198,0.12443
"nucleotide catabolic process [GO:0009166]",4,0.18238,0.0066993,0.1112,0.81762,0.9934,1,0.34855,0.90551,0.9999,3,0.14221,0.34427,0.80534,1,0.96758,0.985,1
"pyrimidine nucleobase metabolic process [GO:0006206]",4,0.18238,0.0066993,0.1112,0.81762,0.9934,1,0.34855,0.90551,0.9999,3,0.14221,0.34427,0.80534,1,0.96758,0.985,1
"peroxisome fission [GO:0016559]",6,0.57663,0.19458,0.63507,0.42337,0.80552,1,0.4647,0.9916,0.9999,3,0.61796,0.9754,0.9993,3,0.31145,0.88161,1
"amino acid biosynthetic process [GO:0008652]",7,1,1,1,1e-100,0.00089991,0.032937,1e-100,0.00059994,0.0091491,0,NA,NA,NA,7,1e-100,0.00079992,0.013999
"aromatic amino acid family biosynthetic process [GO:0009073]",8,1,1,1,1e-100,0.00039996,0.018298,1e-100,0.00029997,0.0068618,0,NA,NA,NA,8,1e-100,0.00069993,0.01361
"glutamine metabolic process [GO:0006541]",11,0.73646,0.55884,1,0.26354,0.44126,0.9528,0.018383,0.027397,0.12229,3,0.067406,0.23258,0.74417,8,1e-100,0.00069993,0.01361
"isocitrate metabolic process [GO:0006102]",3,1,1,1,1e-100,0.050595,0.27695,1e-100,0.044296,0.14475,0,NA,NA,NA,3,1e-100,0.047895,0.17462
"citrulline biosynthetic process [GO:0019240]",3,1,1,1,1e-100,0.050595,0.27695,1e-100,0.044296,0.14475,0,NA,NA,NA,3,1e-100,0.047895,0.17462
"UTP biosynthetic process [GO:0006228]",11,0.89656,0.94431,1,0.10344,0.055794,0.27695,0.18255,0.66653,0.9999,1,0.86621,0.9556,0.9993,10,0.11419,0.50725,0.9058
"pyrimidine nucleotide biosynthetic process [GO:0006221]",4,1,1,1,1e-100,0.017898,0.20451,1e-100,0.015798,0.082603,0,NA,NA,NA,4,1e-100,0.019198,0.12443
"'de novo' UMP biosynthetic process [GO:0044205]",5,1,1,1,1e-100,0.0074993,0.13474,1e-100,0.0051995,0.039646,0,NA,NA,NA,5,1e-100,0.0079992,0.082345
"mitotic nuclear membrane biogenesis [GO:0101026]",3,0.67423,0.46755,0.92873,0.32577,0.53255,1,0.015339,0.28647,0.61676,1,0.04569,0.53895,0.9993,2,0.00016352,0.38836,0.75473
"homoserine biosynthetic process [GO:0009090]",3,1,1,1,1e-100,0.050595,0.27695,1e-100,0.044296,0.14475,0,NA,NA,NA,3,1e-100,0.047895,0.17462
"fatty acid elongation, monounsaturated fatty acid [GO:0034625]",7,0.85111,0.80802,1,0.14889,0.19208,0.58829,0.29779,0.90641,0.9999,0,NA,NA,NA,7,0.29779,0.9509,1
"fatty acid elongation, polyunsaturated fatty acid [GO:0034626]",7,0.85111,0.80802,1,0.14889,0.19208,0.58829,0.29779,0.90641,0.9999,0,NA,NA,NA,7,0.29779,0.9509,1
"fatty acid elongation, saturated fatty acid [GO:0019367]",7,0.85111,0.80802,1,0.14889,0.19208,0.58829,0.29779,0.90641,0.9999,0,NA,NA,NA,7,0.29779,0.9509,1
"sphingolipid biosynthetic process [GO:0030148]",17,0.82326,0.88291,1,0.17674,0.11719,0.43766,0.35349,0.9973,0.9999,0,NA,NA,NA,17,0.35349,0.9991,1
"very long-chain fatty acid biosynthetic process [GO:0042761]",24,0.83138,0.93641,1,0.16862,0.063694,0.2914,0.33724,0.9994,0.9999,0,NA,NA,NA,24,0.33724,1,1
"fatty acid elongation [GO:0030497]",17,0.82326,0.88291,1,0.17674,0.11719,0.43766,0.35349,0.9973,0.9999,0,NA,NA,NA,17,0.35349,0.9991,1
"mitochondrion inheritance [GO:0000001]",3,0.43184,0.13149,0.49267,0.56816,0.86861,1,0.19702,0.65523,0.9999,2,0.29553,0.62404,0.9993,1,1e-100,0.36796,0.75473
"unsaturated fatty acid biosynthetic process [GO:0006636]",3,0.43184,0.13149,0.49267,0.56816,0.86861,1,0.19702,0.65523,0.9999,2,0.29553,0.62404,0.9993,1,1e-100,0.36796,0.75473
"long-chain fatty acid metabolic process [GO:0001676]",28,0.80099,0.88521,1,0.19901,0.11489,0.43766,0.26542,0.9794,0.9999,4,0.53589,0.9626,0.9993,24,0.22034,0.9602,1
"long-chain fatty-acyl-CoA metabolic process [GO:0035336]",18,0.77851,0.74833,1,0.22149,0.25177,0.64894,0.25442,0.93431,0.9999,3,0.43431,0.85871,0.9993,15,0.21845,0.92471,1
"long-chain fatty acid import into cell [GO:0044539]",10,0.84145,0.84812,1,0.15855,0.15198,0.51506,0.28522,0.92471,0.9999,1,0.84064,0.94441,0.9993,9,0.22351,0.88351,1
"long-chain fatty acid import into peroxisome [GO:0015910]",11,0.5868,0.14259,0.49267,0.4132,0.85751,1,0.43886,0.999,0.9999,6,0.64476,0.9982,0.9993,5,0.19179,0.74693,1
"very long-chain fatty acid catabolic process [GO:0042760]",11,0.5868,0.14259,0.49267,0.4132,0.85751,1,0.43886,0.999,0.9999,6,0.64476,0.9982,0.9993,5,0.19179,0.74693,1
"acyl-CoA metabolic process [GO:0006637]",10,0.80953,0.77682,1,0.19047,0.22328,0.61909,0.34907,0.9779,0.9999,1,0.84064,0.94441,0.9993,9,0.29445,0.9654,1
"fatty acid catabolic process [GO:0009062]",11,0.73594,0.55754,1,0.26406,0.44256,0.9528,0.31733,0.9666,0.9999,2,0.42032,0.79442,0.9993,9,0.29445,0.9654,1
"L-histidine biosynthetic process [GO:0000105]",9,1,1,1,1e-100,9.999e-05,0.018298,1e-100,0.00019998,0.0060994,0,NA,NA,NA,9,1e-100,0.00019998,0.0058328
"protein glycosylation [GO:0006486]",10,0.62632,0.24128,0.67784,0.37368,0.75882,1,0.31857,0.9606,0.9999,5,0.57121,0.9841,0.9993,5,0.065934,0.39196,0.75473
"phosphatidic acid biosynthetic process [GO:0006654]",3,0.66661,0.36886,0.82059,0.33339,0.63174,1,0.00010901,0.19188,0.43351,1,3.2972e-60,0.29897,0.7833,2,0.00016352,0.38836,0.75473
"cardiolipin biosynthetic process [GO:0032049]",3,1,1,1,1e-100,0.050595,0.27695,1e-100,0.044296,0.14475,0,NA,NA,NA,3,1e-100,0.047895,0.17462
"carnitine metabolic process [GO:0009437]",3,0.30331,0.032597,0.28406,0.69669,0.9675,1,0.16181,0.61134,0.9999,2,0.076328,0.35746,0.82154,1,0.33279,0.85371,1
"hydrogen peroxide catabolic process [GO:0042744]",5,0.8661,0.79302,1,0.1339,0.20708,0.61623,0.2678,0.82372,0.9999,0,NA,NA,NA,5,0.2678,0.89341,1
"phospholipid biosynthetic process [GO:0008654]",4,0.75,0.56434,1,0.25,0.43626,0.9528,1.8497e-15,0.050695,0.15724,1,3.2972e-60,0.29897,0.7833,3,2.4663e-15,0.13289,0.38879
"ceramide biosynthetic process [GO:0046513]",10,0.8512,0.86681,1,0.1488,0.13329,0.47826,0.29759,0.93951,0.9999,0,NA,NA,NA,10,0.29759,0.9722,1
"plasma membrane organization [GO:0007009]",5,0.93849,0.88331,1,0.061511,0.11679,0.43766,0.12302,0.45675,0.86171,0,NA,NA,NA,5,0.12302,0.55524,0.9386
"chitin biosynthetic process [GO:0006031]",3,1,1,1,1e-100,0.050595,0.27695,1e-100,0.044296,0.14475,0,NA,NA,NA,3,1e-100,0.047895,0.17462
"phosphatidylethanolamine biosynthetic process [GO:0006646]",5,0.65965,0.36276,0.82059,0.34035,0.63734,1,0.11931,0.44696,0.86097,2,0.29827,0.62574,0.9993,3,2.4663e-15,0.13289,0.38879
"chorismate biosynthetic process [GO:0009423]",6,1,1,1,1e-100,0.0017998,0.047052,1e-100,0.0010999,0.01258,0,NA,NA,NA,6,1e-100,0.0027997,0.037689
"propionate catabolic process, 2-methylcitrate cycle [GO:0019629]",3,0.32524,0.038696,0.30789,0.67476,0.9615,1,0.016191,0.29097,0.61916,2,1e-100,0.077692,0.4223,1,0.048573,0.70153,1
"lipid storage [GO:0019915]",3,0.66101,0.34487,0.82059,0.33899,0.65543,1,0.011313,0.27907,0.60798,1,2.0982e-31,0.34217,0.80534,2,0.016969,0.47995,0.87491
"triglyceride biosynthetic process [GO:0019432]",4,0.49576,0.13389,0.49267,0.50424,0.86641,1,0.0084846,0.17858,0.40851,2,6.832e-21,0.12459,0.51839,2,0.016969,0.47995,0.87491
"CTP biosynthetic process [GO:0006241]",11,0.80565,0.76802,1,0.19435,0.23208,0.62684,0.18255,0.66653,0.9999,2,0.43311,0.81682,0.9993,9,0.12687,0.57684,0.9386
"'de novo' L-methionine biosynthetic process [GO:0071266]",3,0.62672,0.28287,0.71897,0.37328,0.71723,1,0.079898,0.46485,0.86804,1,1e-100,0.27267,0.74417,2,0.11985,0.68193,0.99973
"transsulfuration [GO:0019346]",5,0.69848,0.43056,0.90222,0.30152,0.56954,1,0.20304,0.70053,0.9999,1,1e-100,0.27267,0.74417,4,0.2538,0.85451,1
"cysteine biosynthetic process from serine [GO:0006535]",3,0.54047,0.21238,0.65873,0.45953,0.78772,1,0.2524,0.73123,0.9999,1,1.9361e-06,0.42146,0.8905,2,0.3786,0.86541,1
"phosphatidylinositol dephosphorylation [GO:0046856]",13,0.64652,0.26457,0.7017,0.35348,0.73553,1,0.45182,0.9994,0.9999,5,0.66832,0.9971,0.9993,8,0.31651,0.9688,1
"autophagosome-lysosome fusion [GO:0061909]",4,0.65041,0.35756,0.82059,0.34959,0.64254,1,0.36145,0.91571,0.9999,1,0.32456,0.69833,0.9993,3,0.37375,0.94011,1
"cytidine deamination [GO:0009972]",4,0.63804,0.33217,0.81049,0.36196,0.66793,1,0.29869,0.85901,0.9999,1,0.14956,0.60864,0.9993,3,0.3484,0.92641,1
"dUMP biosynthetic process [GO:0006226]",3,0.98923,0.85461,1,0.010775,0.14549,0.50234,0.02155,0.32077,0.65223,0,NA,NA,NA,3,0.02155,0.38526,0.75473
"ceramide catabolic process [GO:0046514]",6,0.80327,0.67483,1,0.19673,0.32527,0.78706,0.39346,0.9692,0.9999,0,NA,NA,NA,6,0.39346,0.9854,1
"adenosine 5'-(hexahydrogen pentaphosphate) catabolic process [GO:1901911]",4,0.19844,0.0071993,0.1112,0.80156,0.9929,1,0.39688,0.93541,0.9999,4,0.39688,0.84392,0.9993,0,NA,NA,NA
"diadenosine hexaphosphate catabolic process [GO:1901909]",4,0.19844,0.0071993,0.1112,0.80156,0.9929,1,0.39688,0.93541,0.9999,4,0.39688,0.84392,0.9993,0,NA,NA,NA
"diadenosine pentaphosphate catabolic process [GO:1901907]",4,0.19844,0.0071993,0.1112,0.80156,0.9929,1,0.39688,0.93541,0.9999,4,0.39688,0.84392,0.9993,0,NA,NA,NA
"diphosphoinositol polyphosphate metabolic process [GO:0071543]",4,0.19844,0.0071993,0.1112,0.80156,0.9929,1,0.39688,0.93541,0.9999,4,0.39688,0.84392,0.9993,0,NA,NA,NA
"inositol phosphate catabolic process [GO:0071545]",6,0.3309,0.012399,0.15045,0.6691,0.9877,1,0.47722,0.9935,0.9999,5,0.48342,0.94721,0.9993,1,0.44625,0.88781,1
"intracellular phosphate ion homeostasis [GO:0030643]",6,0.3309,0.012399,0.15045,0.6691,0.9877,1,0.47722,0.9935,0.9999,5,0.48342,0.94721,0.9993,1,0.44625,0.88781,1
"polyphosphate catabolic process [GO:0006798]",4,0.19844,0.0071993,0.1112,0.80156,0.9929,1,0.39688,0.93541,0.9999,4,0.39688,0.84392,0.9993,0,NA,NA,NA
"inositol phosphate biosynthetic process [GO:0032958]",8,0.32486,0.0048995,0.1112,0.67514,0.9952,1,0.51129,0.9986,0.9999,7,0.52058,0.9876,0.9993,1,0.44625,0.88781,1
"amino acid catabolic process to alcohol via Ehrlich pathway [GO:0000947]",3,1,0.94451,1,3.7711e-13,0.055994,0.27695,7.5421e-13,0.11429,0.2865,0,NA,NA,NA,3,7.5421e-13,0.14189,0.38879
"formaldehyde catabolic process [GO:0046294]",3,1,0.94451,1,3.7711e-13,0.055994,0.27695,7.5421e-13,0.11429,0.2865,0,NA,NA,NA,3,7.5421e-13,0.14189,0.38879
"furaldehyde metabolic process [GO:0033859]",3,1,0.94451,1,3.7711e-13,0.055994,0.27695,7.5421e-13,0.11429,0.2865,0,NA,NA,NA,3,7.5421e-13,0.14189,0.38879
"tetrahydrofolate interconversion [GO:0035999]",5,0.93303,0.87921,1,0.066971,0.12099,0.44282,0.13394,0.47875,0.87612,0,NA,NA,NA,5,0.13394,0.57704,0.9386
"fructose metabolic process [GO:0006000]",3,0.66605,0.36226,0.82059,0.33395,0.63784,1,0.0012322,0.21778,0.48602,1,1e-100,0.27267,0.74417,2,0.0018482,0.41596,0.79123
"glucose metabolic process [GO:0006006]",4,0.74788,0.53135,1,0.25212,0.46875,0.97479,0.0042477,0.15898,0.37511,1,1e-100,0.27267,0.74417,3,0.0056637,0.30527,0.7123
"fructose 1,6-bisphosphate metabolic process [GO:0030388]",3,0.076378,0.0078992,0.1112,0.92362,0.9922,1,0.15276,0.60284,0.9999,3,0.15276,0.39356,0.85927,0,NA,NA,NA
"fructose 6-phosphate metabolic process [GO:0006002]",4,0.30728,0.036896,0.30691,0.69272,0.9632,1,0.11457,0.48715,0.88266,3,0.15276,0.39356,0.85927,1,1e-100,0.36796,0.75473
"malate metabolic process [GO:0006108]",6,0.5,0.10089,0.47183,0.5,0.89921,1,5.6735e-11,0.013899,0.079483,3,1e-100,0.022798,0.4223,3,1.1347e-10,0.15568,0.4128
"pentose-phosphate shunt, oxidative branch [GO:0009051]",3,1,1,1,1e-100,0.050595,0.27695,1e-100,0.044296,0.14475,0,NA,NA,NA,3,1e-100,0.047895,0.17462
"L-proline biosynthetic process [GO:0055129]",3,0.66667,0.43386,0.90222,0.33333,0.60784,1,6.7114e-35,0.070293,0.21088,1,2.0134e-34,0.33247,0.80534,2,1e-100,0.13649,0.38879
"glycerol-3-phosphate metabolic process [GO:0006072]",3,0.80261,0.61484,1,0.19739,0.38566,0.88243,0.27189,0.76212,0.9999,1,0.81568,0.90211,0.9993,2,1e-100,0.13649,0.38879
"NADH oxidation [GO:0006116]",3,0.80261,0.61484,1,0.19739,0.38566,0.88243,0.27189,0.76212,0.9999,1,0.81568,0.90211,0.9993,2,1.9637e-89,0.15068,0.40569
"adenine biosynthetic process [GO:0046084]",3,0.66667,0.43386,0.90222,0.33333,0.60784,1,1e-100,0.044296,0.14475,1,1e-100,0.27267,0.74417,2,1e-100,0.13649,0.38879
"2-oxoglutarate metabolic process [GO:0006103]",6,0.83333,0.78482,1,0.16667,0.21888,0.61623,1.9718e-57,0.0026997,0.024703,1,1e-100,0.27267,0.74417,5,2.3661e-57,0.012899,0.10749
"hydrogen peroxide metabolic process [GO:0042743]",6,0.83333,0.78482,1,0.16667,0.21888,0.61623,1.9718e-57,0.0026997,0.024703,1,1e-100,0.27267,0.74417,5,2.3661e-57,0.012899,0.10749
"isoleucine catabolic process [GO:0006550]",6,0.83333,0.78482,1,0.16667,0.21888,0.61623,1.9718e-57,0.0026997,0.024703,1,1e-100,0.27267,0.74417,5,2.3661e-57,0.012899,0.10749
"L-leucine catabolic process [GO:0006552]",7,0.85714,0.83302,1,0.14286,0.16708,0.546,5.8474e-07,0.013199,0.079095,1,1e-100,0.27267,0.74417,6,6.822e-07,0.043396,0.17462
"L-serine biosynthetic process [GO:0006564]",8,0.875,0.89271,1,0.125,0.10789,0.43766,1.4788e-57,0.00059994,0.0091491,1,1e-100,0.27267,0.74417,7,1.6901e-57,0.0019998,0.031815
"pyruvate metabolic process [GO:0006090]",9,0.77778,0.67693,1,0.22222,0.32367,0.78706,1.8426e-20,0.00079992,0.01126,2,1e-100,0.077692,0.4223,7,2.369e-20,0.0052995,0.066243
"valine catabolic process [GO:0006574]",6,0.83333,0.78482,1,0.16667,0.21888,0.61623,1.9718e-57,0.0026997,0.024703,1,1e-100,0.27267,0.74417,5,2.3661e-57,0.012899,0.10749
"GTP biosynthetic process [GO:0006183]",10,0.88622,0.92421,1,0.11378,0.075892,0.33874,0.20081,0.72863,0.9999,1,0.86621,0.9556,0.9993,9,0.12687,0.57684,0.9386
"glyoxylate cycle [GO:0006097]",3,0.33333,0.057494,0.3394,0.66667,0.9528,1,6.8641e-19,0.09739,0.26209,2,1e-100,0.077692,0.4223,1,2.0592e-18,0.49495,0.89295
"L-serine catabolic process [GO:0006565]",3,0.33333,0.057494,0.3394,0.66667,0.9528,1,1.283e-18,0.09959,0.26413,2,1.9245e-18,0.13059,0.51839,1,1e-100,0.36796,0.75473
"GDP-mannose biosynthetic process [GO:0009298]",3,1,1,1,1e-100,0.050595,0.27695,1e-100,0.044296,0.14475,0,NA,NA,NA,3,1e-100,0.047895,0.17462
"inositol metabolic process [GO:0006020]",5,0.57772,0.19948,0.63507,0.42228,0.80062,1,0.53394,0.9951,0.9999,3,0.74114,0.993,0.9993,2,0.22313,0.78192,1
"mitotic spindle assembly [GO:0090307]",4,0.47215,0.10829,0.47183,0.52785,0.89181,1,0.66742,0.9986,0.9999,3,0.74114,0.993,0.9993,1,0.44625,0.88781,1
"regulation of bipolar cell growth [GO:0051516]",4,0.47215,0.10829,0.47183,0.52785,0.89181,1,0.66742,0.9986,0.9999,3,0.74114,0.993,0.9993,1,0.44625,0.88781,1
"regulation of mitotic spindle elongation (spindle phase three) [GO:0110162]",4,0.47215,0.10829,0.47183,0.52785,0.89181,1,0.66742,0.9986,0.9999,3,0.74114,0.993,0.9993,1,0.44625,0.88781,1
"isopentenyl diphosphate biosynthetic process, mevalonate pathway [GO:0019287]",6,0.50001,0.10389,0.47183,0.49999,0.89621,1,1.654e-05,0.026997,0.12229,3,3.308e-05,0.080592,0.4223,3,1e-100,0.047895,0.17462
"nucleotide metabolic process [GO:0009117]",5,0.71293,0.45815,0.92134,0.28707,0.54195,1,0.28102,0.84212,0.9999,1,0.26721,0.66833,0.9993,4,0.28447,0.89671,1
"CTP metabolic process [GO:0046036]",8,0.5329,0.10099,0.47183,0.4671,0.89911,1,0.39821,0.9866,0.9999,5,0.57121,0.9841,0.9993,3,0.10989,0.59534,0.9386
"UDP catabolic process [GO:0006256]",8,0.5329,0.10099,0.47183,0.4671,0.89911,1,0.39821,0.9866,0.9999,5,0.57121,0.9841,0.9993,3,0.10989,0.59534,0.9386
"purine nucleotide biosynthetic process [GO:0006164]",5,0.98757,0.94531,1,0.01243,0.054795,0.27695,0.024859,0.17168,0.3977,0,NA,NA,NA,5,0.024859,0.24468,0.60709
"DNA damage response [GO:0006974]",9,0.87358,0.88811,1,0.12642,0.11199,0.43766,0.22312,0.79442,0.9999,1,0.86621,0.9556,0.9993,8,0.14273,0.63914,0.97377
"L-lysine catabolic process to acetyl-CoA via saccharopine [GO:0033512]",3,1,1,1,1e-100,0.050595,0.27695,1e-100,0.044296,0.14475,0,NA,NA,NA,3,1e-100,0.047895,0.17462
"protein autoprocessing [GO:0016540]",3,0.43276,0.13159,0.49267,0.56724,0.86861,1,0.19885,0.65653,0.9999,2,0.29827,0.62574,0.9993,1,5.7787e-85,0.39246,0.75473
"deoxyribonucleotide biosynthetic process [GO:0009263]",4,0.74937,0.53865,1,0.25063,0.46145,0.97064,0.0012617,0.13839,0.33466,1,1.8254e-37,0.32537,0.80534,3,0.0016822,0.28097,0.67356
"deoxyribonucleoside triphosphate catabolic process [GO:0009204]",4,0.66378,0.37666,0.82059,0.33622,0.62344,1,0.30605,0.86781,0.9999,1,0.26721,0.66833,0.9993,3,0.319,0.88911,1
"nucleoside triphosphate catabolic process [GO:0009143]",4,0.66378,0.37666,0.82059,0.33622,0.62344,1,0.30605,0.86781,0.9999,1,0.26721,0.66833,0.9993,3,0.319,0.88911,1
"methane catabolic process [GO:0046188]",3,1,0.94451,1,3.7711e-13,0.055994,0.27695,7.5421e-13,0.11429,0.2865,0,NA,NA,NA,3,7.5421e-13,0.14189,0.38879
